Date,pH,SecchiDepth (m),WaterDepth (m),WaterTemp,AirTemp (C)
5/11/1989,7.5,0.3,0.9,17.00,-17.77777778
5/18/1989,7.5,0.2,0.6,17.50,20.5
5/25/1989,8,0.4,0.8,23.00,25
6/1/1989,8,0.4,0.9,25.50,29
7/11/1989,8.5,0.3,0.9,28.50,28
7/20/1989,9,0.3,0.9,30.00,32.5
7/27/1989,9,0.3,0.8,27.00,27
8/3/1989,9.5,0.2,0.7,25.00,28
8/10/1989,9,0.2,0.3,21.50,22.5
8/17/1989,9,0.2,0.8,28.00,29
8/31/1989,9,0.2,0.8,28.00,28
9/14/1989,7.5,0.3,0.9,26.00,26
10/25/1989,8.5,0.2,0.5,15.00,19
10/31/1989,7.5,0.2,0.7,21.50,22
11/20/1989,8,0.2,1,8.50,14
11/27/1989,7.5,0.2,0.6,9.00,4
12/11/1989,7,0.2,0.4,3.00,3
1/3/1990,7.5,0.2,0.6,3.00,5
1/8/1990,7.5,0.2,0.4,7.00,7.5
1/22/1990,7.5,0.15,0.65,10.00,12
1/30/1990,7.5,0.2,0.7,9.00,13
2/7/1990,7.5,0.2,0.6,10.00,10
2/12/1990,7,0.2,0.7,10.00,9
2/20/1990,7.5,0.15,0.39,5.00,5
2/27/1990,7,0.5,1.5,2.50,1
3/5/1990,7,0.2,0.4,7.00,8.5
3/12/1990,7,0.15,0.69,17.00,21
3/19/1990,7,0.22,0.92,15.00,14
3/26/1990,7,0.25,0.4,9.50,9
4/2/1990,8,0.15,0.7,5.00,15
4/9/1990,7,0.25,0.78,11.00,12
4/16/1990,7,0.25,0.72,15.00,14
4/23/1990,7,0.25,0.59,15.00,15
4/30/1990,7,0.88,1.3,18.00,16
5/7/1990,7,0.25,0.75,17.00,18
5/14/1990,7,0.32,1,20.00,19
5/21/1990,7,0.25,0.99,22.00,24.5
5/29/1990,7,0.375,0.95,19.00,20
6/4/1990,7,0.4,1.22,24.00,25
6/11/1990,7,0.35,0.75,24.00,22
6/16/1990,7,0.32,0.62,23.50,20
6/24/1990,7,0.35,0.91,26.00,26
7/2/1990,7,0.35,0.78,24.00,23.5
7/9/1990,7.5,0.3,0.82,26.00,26.5
7/16/1990,7,0.375,1.25,26.50,-17.77777778
7/26/1990,7.75,0.375,0.48,27.00,26
8/6/1990,8,0.4,0.98,26.00,26
8/13/1990,8,0.35,0.82,27.00,27
8/27/1990,8,0.35,0.94,27.00,28.5
9/4/1990,8,0.25,0.68,23.00,24
9/17/1990,8,0.25,0.78,21.00,18
10/15/1990,8,0.3,0.93,23.00,22
10/29/1990,8,0.1,0.38,9.00,10
12/17/1990,7.5,0.25,0.6,8.00,8
1/3/1991,7.5,0.25,0.78,9.00,11
1/7/1991,8,0.2,0.39,9.00,8
1/14/1991,8,0.2,0.65,4.50,4
1/24/1991,7.5,0.2,0.65,4.50,4.5
2/4/1991,7.5,0.25,0.7,9.00,10.5
2/11/1991,7.5,0.3,0.41,7.50,8
2/21/1991,7.5,0.2,0.72,12.00,10.5
2/25/1991,7.5,0.2,0.28,8.00,8
3/4/1991,7.5,0.2,1.6,15.00,16
3/11/1991,7.5,0.15,0.35,6.00,4
3/18/1991,7.7,0.25,0.69,11.00,14
3/25/1991,8,0.275,0.94,14.00,13
4/4/1991,8,0.32,0.78,13.00,14
4/8/1991,8,0.32,0.83,19.00,21
4/15/1991,7.5,0.32,0.52,14.00,15.5
4/22/1991,7.5,0.2,0.55,12.50,13
4/29/1991,7.5,0.35,0.8,20.50,18
5/6/1991,7.5,0.35,0.95,21.00,23.5
5/20/1991,7.5,0.3,0.5,15.50,15
6/10/1991,7.5,0.3,0.7,23.00,26
6/17/1991,7.5,0.325,1.09,26.00,27
6/26/1991,7.5,0.25,0.7,21.00,21.5
7/9/1991,7.5,0.35,0.95,28.00,29.5
7/15/1991,7.5,0.99,0.375,27.50,28
7/25/1991,7,0.4,0.925,29.00,29
8/2/1991,7.5,0.35,1.025,24.50,26.5
8/9/1991,8,0.35,1.025,27.00,29
8/16/1991,8,0.38,1.01,25.00,26
8/23/1991,8,0.375,0.88,26.00,28
8/30/1991,8,,,26.00,27.5
9/6/1991,8,0.375,0.9,25.00,24.5
9/13/1991,8,0.2,0.37,22.50,25
9/23/1991,8,0.31,0.52,20.00,21
10/4/1991,7.5,0.28,0.7,21.00,22
10/17/1991,7.5,0.2,0.65,13.00,11
10/31/1991,7.5,,1.5,13.00,15
11/7/1991,7.7,0.25,0.75,13.00,13.5
11/14/1991,7,0.15,0.8,12.00,13.5
11/21/1991,7,0.15,0.85,17.00,19.5
11/29/1991,7.5,0.25,0.6,12.00,15
12/9/1991,7.5,0.15,0.25,10.00,15
12/20/1991,8,0.2,0.3,2.00,2
12/27/1991,7.5,0.35,0.49,7.00,7
1/3/1992,7.5,0.28,0.45,10.00,12
1/9/1992,7.5,0.3,0.99,7.50,9.5
1/20/1992,7,0.2,0.58,2.00,0.5
1/30/1992,7,0.25,0.48,6.00,6.5
2/10/1992,7,0.25,0.3,3.00,4
2/17/1992,7,0.15,0.68,10.00,7
2/23/1992,7.5,0.15,0.68,12.50,12.5
3/2/1992,8,0.2,0.8,13.00,15.5
3/9/1992,7.5,0.25,0.75,16.00,18
3/16/1992,7,0.15,0.48,3.00,-1.111111111
3/23/1992,7.5,0.05,0.35,3.00,7
4/6/1992,7.5,0.25,0.42,9.00,10
4/13/1992,7.5,0.1,0.5,13.00,7.5
4/20/1992,7,0.2,0.78,17.00,13
4/27/1992,7,0.35,0.65,14.00,13.05
5/5/1992,7.5,0.2,0.6,15.50,10
5/11/1992,7.5,0.3,0.7,17.50,17
5/18/1992,7.5,0.3,0.65,,24
6/1/1992,7,0.4,0.9,20.00,20.5
6/8/1992,7,0.4,1.05,27.50,29
6/15/1992,8,0.4,0.8,25.00,29
6/22/1992,7.5,0.45,0.68,19.00,18
6/29/1992,7.5,0.4,0.8,26.00,26
7/6/1992,7.5,0.45,1,25.00,24
7/13/1992,7.5,0.35,0.95,28.50,31
7/27/1992,8,0.35,0.95,28.00,30.5
8/3/1992,8,0.3,0.85,26.00,26
8/7/1992,8,0.33,0.6,23.00,25
8/14/1992,7.5,0.4,0.95,24.50,22
8/23/1992,8,0.4,0.8,24.50,26
8/31/1992,7.5,0.3,1,23.00,25
9/14/1992,8,0.38,0.38,19.50,22
9/20/1992,7.5,0.35,0.8,23.50,24
9/27/1992,8,0.25,0.45,24.00,26.5
10/5/1992,7.5,0.1,0.15,16.00,17
10/19/1992,7.5,0.1,1,12.00,10
10/26/1992,7,0.3,0.63,12.50,13
11/2/1992,7.5,0.35,0.65,16.50,17.5
11/9/1992,7.5,,0.4,9.00,10
11/16/1992,7.5,0.4,0.55,7.50,5.5
11/23/1992,7.85,0.25,0.85,18.50,21.5
11/30/1992,7.5,0.55,0.7,9.00,8
12/17/1992,7,0.15,0.5,12.00,15.5
12/20/1992,7,0.25,0.85,10.50,10.5
12/27/1992,7,0.25,0.45,5.50,5.5
1/4/1993,7,0.35,0.5,8.00,16
1/11/1993,7,0.25,0.25,9.00,7
1/24/1993,7,0.3,0.95,10.50,14.5
2/1/1993,7,0.2,0.85,6.00,9.5
2/8/1993,7,0.1,0.3,5.00,5.5
2/16/1993,7,0.3,0.75,8.00,12
2/22/1993,7,0.1,0.85,8.00,15
3/8/1993,7,0.1,1.15,10.00,13.5
3/15/1993,7,0.5,1.7,2.50,1.5
3/22/1993,7,0.15,0.4,10.00,11
3/29/1993,7,0.5,0.7,14.50,12.5
4/1/1993,,0.55,3.1,17.50,20.5
4/5/1993,7,0.35,0.8,10.00,7
4/12/1993,7,0.3,1,15.50,16
4/19/1993,7,0.3,1.15,14.50,12
4/26/1993,7,0.3,1.2,19.00,21
5/10/1993,7,0.4,0.85,21.00,21
5/17/1993,7,0.5,1,24.00,25
5/24/1993,7,0.3,0.85,20.00,22
6/7/1993,7,0.45,0.75,23.00,22.5
6/14/1993,7,0.45,0.45,21.50,20.5
6/21/1993,7,0.55,1,26.50,27
6/28/1993,7,0.55,0.8,26.50,30
7/5/1993,7.5,0.55,0.8,30.00,31.5
7/19/1993,7.5,0.45,0.75,27.00,27.5
7/26/1993,7.5,0.5,0.7,28.00,29.5
8/2/1993,8,0.4,0.8,26.50,30
8/9/1993,8,0.3,0.55,25.50,26.5
9/6/1993,,0.35,0.85,25.50,27.5
9/13/1993,7,0.2,0.75,24.00,28
9/20/1993,8,0.2,0.6,21.50,23.5
9/27/1993,7.9,0.4,0.95,24.50,24.5
10/4/1993,8.3,0.35,0.65,19.00,20
10/12/1993,7.8,0.3,0.5,16.50,15
10/18/1993,7.7,0.35,0.75,18.00,18.3
10/25/1993,8.4,0.4,0.6,15.60,18.9
11/8/1993,7.5,0.35,0.55,9.80,11.3
11/15/1993,7.9,0.4,0.8,17.30,22.5
11/29/1993,7.1,0.2,0.55,12.10,10.5
12/6/1993,7.4,0.25,0.75,10.50,9.3
12/13/1993,7.6,0.25,0.45,1.30,5.5
12/28/1993,7.1,0.3,0.7,3.80,4.3
1/3/1994,7.3,0.4,0.4,5.90,8
1/31/1994,7.4,0.2,0.35,3.00,2.6
2/7/1994,7.2,0.25,0.6,5.90,7.6
2/23/1994,7.4,0.35,0.5,10.00,2.7
2/28/1994,7.2,0.2,0.4,1.60,0
3/7/1994,7.1,0.2,0.9,9.70,15.2
3/14/1994,7.2,0.25,0.75,9.80,10.1
3/28/1994,7.1,0.15,0.95,16.10,22.1
4/4/1994,7.2,0.25,0.75,15.00,13.5
4/11/1994,7.3,0.2,0.75,15.70,13
4/18/1994,7.6,0.2,0.7,17.50,16.6
4/25/1994,7.9,0.2,0.5,19.30,22.1
5/2/1994,7.5,0.2,0.65,16.10,13
5/9/1994,7.9,0.25,0.75,18.80,19.5
5/16/1994,7.8,0.25,0.8,22.10,22.3
5/23/1994,9.1,0.05,0.05,21.70,24.3
5/30/1994,8.5,0.35,0.8,22.30,22.7
6/6/1994,8.6,0.35,0.8,23.80,25.7
6/13/1994,9,0.35,0.8,27.90,26.9
6/20/1994,9,0.35,0.7,29.50,30.5
6/25/1994,9.4,0.5,0.9,30.50,28.5
6/27/1994,8.1,0.25,1.2,25.50,27.9
7/3/1994,9,0.4,0.9,28.50,28
8/1/1994,9.2,0.45,0.75,29.00,25.5
8/8/1994,9.2,0.4,0.55,22.00,21.5
8/15/1994,8.8,0.45,0.9,24.50,20
8/22/1994,9.1,0.45,0.9,27.00,24.5
8/29/1994,9.3,0.45,0.75,27.00,27
9/5/1994,8.5,0.2,1.2,17.00,17
9/12/1994,8.4,0.35,0.6,21.00,19
9/19/1994,8.1,0.45,0.6,20.50,21.5
9/26/1994,8.1,0.45,0.8,23.00,23
10/10/1994,8.1,0.45,0.5,17.00,17
10/24/1994,7.6,0.35,0.85,18.00,19
11/7/1994,7.3,0.2,0.5,15.00,15
11/28/1994,7.7,0.25,0.65,13.00,17.5
12/12/1994,6.9,0.35,0.4,5.00,5
12/29/1994,6.9,0.15,0.4,8.00,9.5
1/16/1995,7.4,0.25,0.85,13.50,16.5
1/23/1995,7.1,0.2,0.7,4.50,8
2/13/1995,6.8,0.2,0.25,2.00,-1.5
3/6/1995,7.1,0.2,0.2,9.50,8
3/13/1995,6.9,0.28,0.65,11.50,15.5
3/20/1995,7.1,0.35,0.45,12.50,12.5
3/27/1995,7.1,0.25,0.45,11.00,12
4/3/1995,7.1,0.4,0.55,11.50,12.5
4/10/1995,7.1,0.25,0.7,15.00,9
4/18/1995,7.1,0.25,0.5,16.00,14.5
4/24/1995,7.4,0.25,0.55,12.50,10
5/1/1995,7.2,0.3,0.6,15.00,11.5
5/15/1995,6.8,0.3,0.55,21.50,23.5
5/22/1995,6.8,0.3,0.55,21.50,23.5
5/29/1995,7.5,0.4,0.4,22.00,27
6/5/1995,7.6,0.3,0.3,25.00,23
6/12/1995,7.9,0.4,0.9,26.50,25.5
6/19/1995,8,0.4,0.55,25.00,24
6/26/1995,8.3,0.5,0.8,28.50,28
7/3/1995,,0.45,0.8,26.00,27
7/10/1995,7.9,0.35,0.7,26.00,26.5
7/17/1995,8,0.45,1,30.00,29
7/24/1995,8.4,0.55,0.9,32.00,33.5
7/31/1995,8.1,0.5,0.8,29.50,29
8/7/1995,8.2,0.5,0.6,24.00,22
8/22/1995,8.8,0.3,0.5,25.00,27.5
8/29/1995,8.7,0.35,0.65,25.50,26
9/5/1995,9,0.3,0.75,26.00,27
9/12/1995,9.2,0.3,0.7,24.50,27
9/28/1995,8.7,0.3,0.7,21.00,24
10/5/1995,7.2,0.3,0.45,15.50,17.2
10/6/1995,8.5,0.45,1.15,24.50,27.5
10/11/1995,7.2,0.3,0.75,17.50,14.8
10/20/1995,7.6,0.35,0.73,15.00,13.6
10/23/1995,9,0.4,0.8,18.50,20.5
10/26/1995,6.7,0.38,0.75,19.00,19.6
10/30/1995,8.5,0.45,0.75,14.00,15.5
11/6/1995,8.5,0.55,0.55,9.50,11
11/13/1995,8.1,0.55,0.7,9.50,14
11/20/1995,8.4,0.55,0.55,8.00,10.5
11/27/1995,8.1,0.75,0.75,10.00,9
12/11/1995,,,,,-2
1/22/1996,7.4,0.4,0.55,4.00,4
1/29/1996,7.2,0.35,0.65,4.00,6
2/12/1996,7.1,0.35,0.6,5.00,7
2/26/1996,7.1,0.2,0.75,10.50,16
3/4/1996,7.4,0.3,0.45,3.50,3.5
3/11/1996,,0.05,0.05,,3.5
3/18/1996,7,0.4,0.45,7.50,7
3/25/1996,7.2,0.35,0.7,10.00,16.5
4/8/1996,7.3,0.35,0.55,8.00,6
4/22/1996,8.2,0.4,0.95,21.00,22
4/29/1996,8,0.45,0.85,18.00,21
5/13/1996,8.1,0.3,0.7,17.00,14
5/20/1996,8.8,0.4,0.75,28.00,30
5/27/1996,8.6,0.25,0.6,19.00,17.5
6/3/1996,8.5,0.35,0.5,17.00,15.5
6/10/1996,8.1,0.45,1.02,24.00,19.5
6/17/1996,8.4,0.45,0.75,27.00,25
6/24/1996,8.6,0.55,0.8,26.50,25
8/2/1996,7.3,0.4,0.8,26.00,-17.77777778
8/11/1996,7.6,0.3,0.4,28.50,-17.77777778
8/18/1996,7.3,0.3,0.68,27.50,-17.77777778
9/1/1996,7.4,0.28,0.4,25.00,-17.77777778
9/15/1996,,0.3,0.8,23.50,-17.77777778
9/22/1996,7.4,0.4,0.9,22.00,-17.77777778
9/28/1996,7.5,0.43,0.88,23.00,-17.77777778
10/5/1996,7.2,0.3,0.45,15.50,17.2
10/11/1996,7.2,0.3,0.75,17.50,14.8
10/20/1996,7.6,0.35,0.73,15.00,13.6
10/26/1996,6.7,0.38,0.75,19.00,19.6
11/3/1996,6.8,0.48,0.58,10.10,9.3
11/12/1996,7.1,0.45,0.55,6.20,5.23
11/17/1996,6.8,0.28,0.3,9.10,10.8
12/1/1996,6.9,0.4,0.6,11.00,17.5
12/8/1996,6.9,0.4,0.65,9.10,10.6
12/21/1996,6.9,0.31,0.61,5.21,3.5
1/5/1997,6.7,0.2,0.7,13.50,17.4
1/19/1997,7,0.3,0.3,0.00,-17.77777778
2/1/1997,6.6,2.5,3.5,10.10,16.7
2/15/1997,6.6,0.3,0.6,8.20,5
3/3/1997,6.9,0.3,0.54,14.10,8.9
3/15/1997,6.5,0.2,0.52,13.20,8.7
4/13/1997,6.9,0.28,0.74,17.10,20.1
4/19/1997,6.7,0.2,0.49,11.00,15.3
4/26/1997,6.8,0.25,0.55,15.50,15.2
5/4/1997,6.5,0.3,0.88,18.00,16.4
5/12/1997,7.3,0.3,0.67,21.00,-17.77777778
5/16/1997,6.6,0.35,0.7,20.50,20.2
5/24/1997,7.5,0.38,0.5,23.00,22.3
5/30/1997,8,,0.2,23.00,-17.77777778
6/8/1997,6.3,0.1,0.15,18.00,16.5
6/21/1997,6.5,0.4,0.7,26.50,28.9
6/27/1997,8,0.5,0.62,29.00,25.77777778
7/6/1997,6.8,0.48,0.68,27.00,24.7
7/12/1997,6.4,0.4,0.4,27.00,26.7
7/20/1997,7.4,0.39,0.58,27.50,28.6
7/27/1997,7.8,0.38,0.69,27.00,30.4
7/29/1997,8,0.4,0.65,28.00,27.77777778
8/9/1997,8.6,0.38,0.5,27.50,25.9
8/15/1997,8.2,0.45,0.63,8.40,28.11111111
8/22/1997,8.2,0.38,0.67,25.50,25.38888889
8/30/1997,8.1,0.32,0.45,26.00,26.1
9/14/1997,7.9,0.21,0.61,24.00,25.9
10/5/1997,8.2,0.28,0.65,21.60,23.4
10/26/1997,7.5,0.35,0.61,,17
11/9/1997,6.5,0.35,0.65,12.00,10.9
12/6/1997,6.9,0.3,0.45,6.00,4.5
1/4/1998,6.4,0.25,0.5,8.90,14
1/25/1998,6.5,0.3,0.6,8.10,7.7
2/22/1998,6.3,0.25,0.75,10.50,-17.77777778
3/22/1998,6.4,0.25,0.71,11.00,9.3
4/19/1998,6.9,0.3,0.78,17.00,-17.77777778
5/2/1998,8.2,0.35,0.78,21.50,22.5
5/17/1998,6.8,0.25,0.48,23.50,27.1
6/7/1998,7.2,0.4,0.5,22.90,-17.77777778
6/14/1998,6.8,0.4,0.65,26.00,26.6
7/5/1998,6.9,0.32,0.65,26.00,27.8
7/25/1998,7.3,0.4,0.65,29.00,27.4
8/23/1998,8.8,0.3,0.62,28.00,29.5
9/12/1998,8.5,0.28,0.66,25.00,30.61111111
11/2/1998,6.9,0.3,0.35,14.00,14.6
11/21/1998,7.3,0.3,0.48,15.00,14.2
1/9/1999,7.2,0.28,0.5,9.00,14.9
1/23/1999,6.7,0.28,0.6,15.00,-17.77777778
8/5/1999,9.5,0.35,0.35,27.00,-17.77777778
8/11/1999,9.2,0.4,0.65,28.00,30.3
8/11/1999,8.6,0.63,1.25,27.00,29.7
8/11/1999,8.5,0.5,0.5,27.00,29
8/11/1999,8.1,0.25,0.25,27.00,27.2
8/11/1999,7.7,0.6,0.6,26.00,27.2
8/18/1999,8.9,,,30.00,31
8/18/1999,9.1,,,29.00,31
8/18/1999,8.7,,,31.00,33
8/18/1999,8.8,,,27.00,28
8/18/1999,8,,,28.00,31
9/8/1999,8.2,0.3,0.3,32.00,-17.77777778
9/8/1999,8.2,0.4,1,28.00,24.77777778
9/8/1999,8,5.8,5.8,34.00,-17.77777778
9/8/1999,7.4,1.75,1.85,34.50,-17.77777778
9/8/1999,8.5,0.9,0.95,28.00,24.77777778
9/22/1999,7.6,0.5,1.65,18.00,-17.77777778
9/22/1999,7.8,0.8,0.8,18.00,15.55555556
10/15/1999,7.3,0.6,0.8,20.00,-17.77777778
10/15/1999,7.3,0.55,1.55,17.00,-17.77777778
10/15/1999,5.7,0.42,0.5,16.00,18.33333333
10/15/1999,6.6,0.55,0.55,19.00,-17.77777778
10/15/1999,7,0.3,0.3,17.00,-17.77777778
10/27/1999,7.7,0.55,0.55,43.00,22.22222222
10/27/1999,8.6,0.5,0.5,24.50,-17.77777778
10/27/1999,7.4,0.95,1.35,42.50,22.22222222
10/27/1999,7.7,0.25,0.25,,22.22222222
11/10/1999,7.6,0.65,0.95,18.00,-17.77777778
11/10/1999,7.8,0.6,0.6,17.00,-17.77777778
11/10/1999,8,1.05,1.5,15.00,15.55555556
11/10/1999,7.4,0.4,0.4,16.00,-17.77777778
11/10/1999,8.1,5.5,5.5,14.00,15.55555556
11/30/1999,8.8,1.15,1.35,,2.888888889
12/16/1999,8.9,0.8,1.4,11.00,9.444444444
12/16/1999,7.9,0.7,0.7,,10
12/16/1999,8.2,0.6,0.8,,11.11111111
12/16/1999,7.9,0.21,0.21,,10.55555556
12/16/1999,9.1,0.5,0.85,11.00,8.888888889
12/30/1999,7,0.25,0.45,5.00,5
12/30/1999,6.9,0.65,0.85,8.00,6
12/30/1999,8,1.1,1.4,5.00,5
12/30/1999,6.9,0.7,0.7,5.00,5
12/30/1999,6.9,0.25,0.25,7.00,5
2/2/2000,6.9,0.65,0.81,4.00,7.222222222
2/2/2000,7.2,1.4,1.4,4.00,7.222222222
2/2/2000,7.2,0.05,0.4,3.00,6.111111111
2/2/2000,7.1,0.35,0.35,5.00,7.777777778
2/17/2000,7.5,0.15,0.35,10.00,6.111111111
2/17/2000,8,0.95,1.05,9.00,6.111111111
2/17/2000,7.6,0.85,0.85,9.90,6.111111111
2/17/2000,7.8,0.4,0.4,10.00,6.111111111
2/17/2000,8.5,1.45,1.45,9.50,6.111111111
2/29/2000,7,0.25,0.35,,-8.333333333
2/29/2000,7.8,0.37,0.37,14.00,14.44444444
2/29/2000,7.9,0.85,0.85,16.00,15.55555556
2/29/2000,7,0.9,0.95,14.00,16.66666667
2/29/2000,8.1,0.9,1.1,15.00,14.44444444
3/13/2000,8.6,0.7,0.83,14.00,7.222222222
3/13/2000,8.4,0.85,0.95,14.00,7.222222222
3/13/2000,7.8,0.3,0.3,12.50,8.888888889
3/13/2000,7.5,0.85,0.88,14.00,8.888888889
3/13/2000,8.6,0.45,0.5,12.00,7.222222222
4/3/2000,8.6,1.1,1.35,20.00,-17.77777778
4/3/2000,7,0.35,0.35,21.00,-17.77777778
4/3/2000,8.4,0.7,0.9,21.00,-17.77777778
4/3/2000,9.1,0.3,0.7,18.00,-17.77777778
4/3/2000,7,0.55,1.05,19.00,-17.77777778
5/1/2000,7.6,1.1,1.6,19.50,23.88888889
5/1/2000,7.1,0.9,1,23.00,23.88888889
5/1/2000,7.5,0.15,0.15,25.50,23.88888889
5/1/2000,7.9,0.3,0.65,19.50,23.88888889
5/1/2000,7.8,0.6,0.6,,23.88888889
5/15/2000,8.7,0.4,0.45,23.00,21.66666667
5/15/2000,8.3,0.65,1.55,27.00,21.66666667
5/15/2000,8.2,0.85,0.9,27.00,21.66666667
5/15/2000,9.3,0.4,0.45,27.00,21.66666667
5/15/2000,9.7,4,4.5,30.00,21.66666667
5/30/2000,,,,,14.38888889
5/30/2000,8,0.2,0.2,15.00,14.44444444
5/30/2000,8,0.5,0.5,15.00,14.44444444
5/30/2000,8.2,0.1,1.6,15.00,10
5/30/2000,7.8,0.65,0.65,15.00,14.44444444
6/13/2000,9.5,0.4,0.4,28.00,22.77777778
6/13/2000,7.7,0.75,1.4,,26
6/13/2000,8,0.45,0.55,27.00,22.22222222
6/13/2000,8.6,0.15,0.4,27.00,22.22222222
6/13/2000,8.4,0.4,0.64,26.00,23.16666667
6/26/2000,8.2,0.8,1.6,29.00,27
6/26/2000,8.8,0.05,0.1,30.00,28
6/26/2000,8.8,0.5,0.5,29.00,28
6/26/2000,8,0.55,0.55,30.50,29
6/26/2000,8.5,0.5,0.85,26.00,28.33333333
7/11/2000,8.6,0.65,1.6,27.00,26
7/11/2000,8.1,0.37,0.8,31.00,27
7/11/2000,8.2,0.5,0.5,32.00,27
7/11/2000,7.6,0.15,0.15,31.00,31
7/11/2000,8.6,0.4,0.8,27.00,25
7/24/2000,8,0.55,0.55,25.00,25.55555556
7/24/2000,8.1,0.7,0.85,25.00,25.55555556
7/24/2000,7.5,0,0.15,24.00,25.55555556
7/24/2000,8,0.45,0.45,25.00,25.55555556
7/24/2000,8.2,0.4,0.55,25.00,25.55555556
8/10/2000,6.4,0.65,0.65,29.00,28.33333333
8/10/2000,5.6,0.65,1.6,28.00,28.33333333
8/10/2000,8.1,0.6,0.68,28.00,28.33333333
8/10/2000,6.3,0.23,0.23,29.00,28.33333333
8/10/2000,6.7,0.6,0.6,29.00,28.33333333
8/22/2000,8.7,0.3,0.45,22.00,21.66666667
8/22/2000,8.3,0.6,1.5,24.00,21.66666667
8/22/2000,7.8,0.35,0.35,22.00,21.66666667
8/22/2000,8.3,0.5,0.5,24.00,21.66666667
8/22/2000,7.5,0.65,0.65,25.00,22.22222222
9/6/2000,8,0.9,0.9,21.00,22.22222222
9/6/2000,8.1,0.55,0.55,21.00,22.22222222
9/6/2000,8.5,0.7,1.65,21.00,22
9/6/2000,7.9,0.45,0.45,21.00,22.22222222
9/6/2000,8.6,0.2,0.45,20.00,22.22222222
9/18/2000,8.6,0.6,1.52,20.00,20
9/18/2000,,0.4,0.75,22.00,21.11111111
9/18/2000,8.1,0.35,0.35,21.00,20
9/18/2000,,0.35,0.55,20.00,19.44444444
9/18/2000,7.9,0.1,0.1,20.00,21.11111111
10/4/2000,8.6,0.3,0.7,27.00,28.33333333
10/4/2000,8.6,0.8,1.8,27.00,28.33333333
10/4/2000,8.5,0.1,0.1,30.00,28.88888889
10/4/2000,8.3,0.55,0.7,35.00,28.88888889
10/4/2000,8.1,0.35,0.35,26.00,28.33333333
10/26/2000,8.8,0.7,1.05,19.50,18.88888889
10/26/2000,8.7,0.1,0.25,22.00,19.44444444
10/26/2000,8.7,0.63,0.63,21.00,19.44444444
10/26/2000,8.8,0.26,0.35,19.50,18.88888889
10/26/2000,8.4,0.25,0.25,21.50,19.44444444
11/1/2000,8.2,0.65,0.65,16.00,14.44444444
11/1/2000,8.3,0.4,0.4,15.00,14.44444444
11/1/2000,8.8,1.2,1.4,14.50,14.44444444
11/1/2000,9.2,0.3,0.3,16.00,14.27777778
11/1/2000,8.1,0.1,0.11,14.00,14.44444444
11/14/2000,9,0.7,1.4,13.00,12.77777778
11/14/2000,7.8,0.35,0.35,14.00,12.77777778
11/14/2000,9.9,0.4,0.6,13.00,12.77777778
11/14/2000,7.5,0.5,0.75,13.00,12.77777778
11/14/2000,7.4,0.3,0.3,13.00,12.77777778
12/11/2000,,0.3,0.5,7.50,7.222222222
12/11/2000,8,0.75,0.75,7.50,7.222222222
12/11/2000,9.3,1.1,1.3,7.00,7.222222222
12/11/2000,8.1,0.1,0.1,7.50,7.222222222
12/11/2000,7.8,0.3,0.65,8.00,7.222222222
12/18/2000,8.8,1.05,1.45,10.00,6.222222222
12/18/2000,7.9,0.35,0.35,11.00,6.333333333
12/18/2000,7.9,0.2,0.4,7.50,6.333333333
12/18/2000,8.8,0.16,,9.50,6.222222222
12/18/2000,8.2,0.7,0.7,9.00,6.666666667
1/8/2001,8.8,1,1.25,6.00,6.111111111
1/8/2001,7.9,0.8,0.8,5.00,6.666666667
1/8/2001,9.2,0.36,0.36,7.00,6.111111111
1/8/2001,7.9,0.42,0.42,6.00,6.666666667
1/8/2001,8.3,0.55,0.55,5.00,6.111111111
1/23/2001,9.2,1.1,1.35,5.00,3.777777778
1/23/2001,9.3,0.1,0.1,8.00,3.5
1/23/2001,8,0.3,0.3,6.00,3.777777778
1/23/2001,8.4,0.7,0.7,5.00,3.777777778
1/23/2001,8.3,0.6,0.6,4.00,3.777777778
2/6/2001,7.9,0.6,0.6,10.00,11.11111111
2/6/2001,8.8,0.23,0.33,11.00,10.55555556
2/6/2001,7.8,0.25,0.25,10.00,11.11111111
2/6/2001,8,0.8,0.8,11.00,11.11111111
2/6/2001,8.7,1.1,1.4,10.00,11.11111111
2/20/2001,8.6,0.65,0.95,14.00,16.66666667
2/20/2001,7.7,0.55,0.55,12.00,16.66666667
2/20/2001,9.1,0.2,0.35,11.00,16.38888889
2/20/2001,7.7,0.4,0.4,12.00,16.66666667
2/20/2001,7.8,0.75,0.75,10.00,16.66666667
3/15/2001,8.7,0.6,1.4,13.00,11.11111111
3/15/2001,9.2,0.35,0.6,14.00,11
3/15/2001,7.8,0.3,0.6,13.00,11.11111111
3/15/2001,8,0.65,0.85,13.50,11.11111111
3/15/2001,7.8,0.4,0.4,,11.11111111
3/26/2001,7.4,0.85,0.85,10.00,5
3/26/2001,8.3,0.6,0.6,9.00,5
3/26/2001,9,0.7,1.5,10.00,5
3/26/2001,9.4,0.25,0.45,10.00,5.388888889
3/26/2001,7.7,0.6,0.6,9.00,5
4/9/2001,,0.3,0.3,27.00,22.22222222
4/9/2001,,0.65,1.1,22.00,21.11111111
4/9/2001,,0.3,0.65,21.00,20.55555556
4/9/2001,,0.6,0.95,22.00,22.22222222
4/9/2001,,0.55,0.55,23.00,21.11111111
4/24/2001,9.3,0.3,0.8,20.00,21.66666667
4/24/2001,8.4,0.8,0.8,21.00,22.22222222
4/24/2001,9.3,0.8,1.4,19.50,22.22222222
4/24/2001,8,0.2,0.2,22.00,22.22222222
4/24/2001,8.1,0.4,0.4,23.00,22.77777778
5/8/2001,8.6,0.15,0.15,21.00,17.77777778
5/8/2001,8.5,0.4,0.4,19.50,17.77777778
5/8/2001,9.1,0.2,0.65,22.00,18.33333333
5/8/2001,8.7,0.01,0.01,25.00,18.33333333
5/8/2001,8.7,0.7,1.3,19.50,17.77777778
5/22/2001,7.6,0.32,0.32,24.00,22.22222222
5/22/2001,8.1,0.7,1.2,23.00,21.66666667
5/22/2001,8.2,0.45,0.8,24.00,23.33333333
5/22/2001,8.3,0.1,0.1,26.00,23.33333333
5/22/2001,8.8,0.4,0.8,20.00,21.11111111
6/5/2001,8.7,0.8,0.8,24.00,21.66666667
6/5/2001,8.5,0.1,0.1,24.00,21.66666667
6/5/2001,8.3,0.3,0.3,23.00,21.66666667
6/5/2001,9.2,0.4,0.4,23.00,21.61111111
6/5/2001,9.1,0.6,1.25,23.00,21.66666667
6/18/2001,8.7,0.5,0.9,26.00,25
6/18/2001,8.3,0.1,0.1,29.00,25.55555556
6/18/2001,8.6,0.75,0.75,28.00,25.55555556
6/18/2001,8.6,0.4,0.4,25.00,25
6/18/2001,8.4,0.3,0.3,27.00,25
7/5/2001,8.9,0.4,1.3,26.50,23.88888889
7/5/2001,8.7,0.25,0.75,26.00,23.88888889
7/5/2001,8.3,0.4,0.65,27.00,24.44444444
7/5/2001,7.9,0.25,0.25,26.00,23.88888889
7/5/2001,8.1,0.23,0.23,,23.88888889
7/20/2001,,,,,22.77777778
7/20/2001,9.8,0.3,0.3,23.00,22.22222222
7/20/2001,9.3,0.05,1.1,24.00,22.77777778
7/20/2001,,,,,-17.77777778
7/20/2001,9.2,0.5,0.5,26.00,22.22222222
8/8/2001,9.3,0.5,1.05,31.00,27.77777778
8/8/2001,9.1,0.4,0.7,30.00,26.66666667
8/8/2001,8.3,0.2,0.2,30.00,28.88888889
8/8/2001,8.5,0.25,0.25,31.00,27.77777778
8/8/2001,8.5,0.35,1.1,30.00,31.11111111
8/20/2001,8.9,0.2,1.4,27.00,26.66666667
8/20/2001,7.7,0.3,0.3,27.00,26.66666667
8/20/2001,7.9,0.4,1.3,27.50,26.66666667
8/20/2001,7.9,0.3,0.3,28.00,26.66666667
8/20/2001,8.7,0.3,0.85,26.00,26.27777778
9/5/2001,0.3,0.35,1.1,26.00,24.44444444
9/5/2001,7.8,0.1,0.25,25.00,24.44444444
9/5/2001,7.9,0.2,0.2,25.00,24.44444444
9/5/2001,8.5,0.35,0.55,25.00,24.44444444
9/5/2001,8.5,0.6,1.2,25.00,24.44444444
9/18/2001,7.7,0.15,0.15,23.00,25.55555556
9/18/2001,8.9,0.65,0.9,24.00,25
9/18/2001,8.7,0.2,0.2,24.00,25.55555556
9/18/2001,8.9,0.85,1,23.00,25.55555556
9/18/2001,8.5,0.25,0.35,23.00,25.55555556
10/2/2001,7.7,0.3,0.3,23.00,22.77777778
10/2/2001,8.3,0.25,0.25,23.00,22.77777778
10/2/2001,7.8,0.5,1.1,21.00,22.77777778
10/2/2001,,0.15,0.15,22.00,22.72222222
10/2/2001,8.7,0.7,1.1,19.00,22.77777778
10/22/2001,8.4,0.6,0.85,19.00,21.11111111
10/22/2001,8.6,0.6,0.6,19.00,19.61111111
10/22/2001,8.8,0.8,1.25,21.00,-17.77777778
10/22/2001,8.2,0.2,0.2,20.00,20.55555556
10/22/2001,8.2,0.25,0.25,20.00,20
11/6/2001,9.1,1,1,11.50,11.61111111
11/6/2001,8.2,0.6,0.8,14.00,11.61111111
11/6/2001,8.3,0.2,0.2,13.00,11.61111111
11/6/2001,9.5,0.25,0.25,13.00,11.61111111
11/6/2001,8.3,0.3,0.3,13.00,11.61111111
11/20/2001,,0.9,0.95,14.00,11.11111111
11/20/2001,,0.1,0.3,13.00,11.11111111
11/20/2001,,0.3,0.35,15.00,11.11111111
11/20/2001,,0.2,0.85,12.00,11.11111111
11/20/2001,,0.2,0.2,13.00,11.11111111
12/4/2001,8.4,0.3,0.35,16.00,12.38888889
12/4/2001,8.1,0.5,1,18.00,12.77777778
12/4/2001,8.3,0.15,0.15,19.00,12.61111111
12/4/2001,8.2,0.15,0.2,16.00,12.77777778
12/4/2001,9.1,0.9,1,18.00,12.61111111
1/10/2002,6.9,0.2,0.55,,10.66666667
1/10/2002,7.7,1,1,7.00,12.77777778
1/10/2002,6.8,1.4,1.4,9.00,11.11111111
1/10/2002,7,0.4,0.4,9.50,12.22222222
1/10/2002,7.5,0.3,0.3,10.00,12.77777778
1/22/2002,8.9,1.3,1.4,9.00,10
1/22/2002,7.9,0.45,0.45,8.00,10
1/22/2002,7.9,0.45,0.45,8.00,10
1/22/2002,9,0.3,0.35,59.00,9.944444444
1/22/2002,7.8,0.8,1.3,9.00,10.55555556
2/11/2002,9.6,1.3,1.45,11.00,-17.77777778
2/11/2002,9.9,0.1,0.3,12.00,-17.77777778
2/11/2002,8.4,0.85,1.35,10.00,-17.77777778
2/11/2002,8.2,0.45,0.45,12.00,-17.77777778
2/11/2002,8.2,0.6,0.6,12.00,-17.77777778
2/26/2002,8.2,0.45,0.45,12.00,14.44444444
2/26/2002,9.2,1.25,1.35,11.00,13.88888889
2/26/2002,9.2,0.3,0.35,11.00,13.88888889
2/26/2002,8.1,0.5,0.5,11.00,13.88888889
2/26/2002,8.2,1.15,1.15,12.00,15
3/28/2002,,0.8,1.5,12.00,7.222222222
3/28/2002,,0.6,0.6,11.50,7.222222222
3/28/2002,,0.7,1,13.00,7.222222222
3/28/2002,,0.25,0.35,12.00,7.222222222
3/28/2002,,0.55,0.55,12.00,7.222222222
4/17/2002,6,0.1,0.4,25.00,27.77777778
4/17/2002,7.5,0.55,1,28.00,28.33333333
4/17/2002,7.5,0.3,0.7,25.00,26.66666667
4/17/2002,8,0.5,0.5,26.00,27.77777778
4/17/2002,8,0.1,0.2,27.00,28.33333333
4/30/2002,8,0.3,0.3,22.00,15
4/30/2002,7.5,0.4,0.65,18.50,14.44444444
4/30/2002,8.5,0.5,0.5,18.00,15.55555556
4/30/2002,7.5,0.4,1.1,22.00,15.55555556
4/30/2002,6,0.6,1.4,21.00,15.55555556
5/16/2002,,0.9,1.5,18.00,17.77777778
5/16/2002,7.5,0.2,0.7,20.00,16.66666667
5/16/2002,9,0.1,0.1,,20
5/16/2002,7.5,0.3,0.9,,20
5/16/2002,8.5,0.25,0.25,,18.33333333
5/28/2002,7,0.5,0.9,26.00,22.22222222
5/28/2002,8.5,0.2,0.2,24.00,22.22222222
5/28/2002,7.5,0.3,0.55,24.00,21.11111111
5/28/2002,8,0.2,0.2,25.00,21.11111111
5/28/2002,6.5,0.3,1.3,24.00,21.11111111
6/11/2002,8,2.5,2.5,25.00,21.66666667
6/11/2002,6.5,0.2,1.4,25.00,21.66666667
6/11/2002,7,0.7,0.7,26.00,22.22222222
6/11/2002,8.5,0.3,0.65,23.50,21.11111111
6/11/2002,7,0.1,0.1,25.00,21.66666667
6/24/2002,7.5,0.4,0.75,27.00,27.77777778
6/24/2002,8.5,0.2,0.2,28.00,28.33333333
6/24/2002,6.5,0.15,1.35,,27.77777778
6/24/2002,7,0.9,0.9,,28.33333333
6/24/2002,7,0.1,0.35,,28.33333333
7/8/2002,8,0.4,0.4,,22.77777778
7/8/2002,9,0.35,0.35,,22.77777778
7/8/2002,7,0.65,0.7,,23.33333333
7/8/2002,6.5,0.55,0.7,,23.33333333
7/8/2002,,0.3,0.35,,22.77777778
7/23/2002,7,0.85,1.2,,28.33333333
7/23/2002,7,0.2,0.2,,28.88888889
7/23/2002,7,0.2,0.2,,24
7/23/2002,7.5,0.4,0.6,,28.33333333
7/23/2002,7.5,0.3,0.3,,28.88888889
8/1/2002,7.5,0.6,1.3,,29.44444444
8/1/2002,7,0.25,0.25,,30.55555556
8/1/2002,7,0.25,0.25,,30.55555556
8/1/2002,7.5,0.6,0.6,,29.44444444
8/1/2002,7,0.5,0.7,,30.55555556
8/22/2002,,0.3,0.95,,26.66666667
8/22/2002,7.5,0.4,0.4,,26.66666667
8/22/2002,7,0.5,0.6,,27.77777778
8/22/2002,7,0.1,0.1,,27.77777778
8/22/2002,9,0.1,0.1,,27.77777778
9/5/2002,7,0.75,1.75,26.50,27.22222222
9/5/2002,7.5,0.5,0.7,27.00,26.66666667
9/5/2002,7,0.6,0.8,26.00,27.22222222
9/5/2002,7.5,0.28,0.3,27.00,27.22222222
9/5/2002,8.5,0.35,0.35,28.00,27.22222222
9/20/2002,7,0.6,0.8,,27.77777778
9/20/2002,7,0.4,0.5,,27.22222222
9/20/2002,8,0.1,0.1,,27.77777778
9/20/2002,8,0.2,0.2,,27.77777778
9/20/2002,7,0.7,1.2,26.00,27.22222222
10/18/2002,7,0.6,0.6,,15.55555556
10/18/2002,6.5,0.3,0.3,,15.55555556
10/18/2002,6.5,0.65,1.5,,14.44444444
10/18/2002,7,0.35,0.7,,14.44444444
10/18/2002,6.5,0.55,0.85,,15.55555556
10/31/2002,7,,,10.30,9.444444444
10/31/2002,,1.5,1.5,10.50,8.888888889
10/31/2002,6.5,,,10.30,9.444444444
10/31/2002,7.5,0.5,0.5,10.00,8.777777778
11/15/2002,7,,,12.00,12.22222222
11/15/2002,7.5,,2.6,14.00,13.33333333
11/15/2002,7,,,18.00,13.33333333
11/15/2002,6.5,,2.4,13.00,13.88888889
11/15/2002,6.5,,,14.00,12.22222222
12/6/2002,7,0.1,0.1,5.00,2.777777778
12/6/2002,7,0.5,0.5,5.00,3.333333333
12/6/2002,6.5,0.75,1.4,48.00,3.333333333
12/6/2002,7,0.5,1,5.00,3.333333333
12/16/2002,7,0.7,0.7,7.50,-17.77777778
12/16/2002,7,0.8,0.8,7.50,-17.77777778
12/16/2002,7,,,7.50,-17.77777778
12/16/2002,6,1.1,1.35,6.50,-17.77777778
12/16/2002,7,0.3,0.6,7.50,9.444444444
1/3/2003,7,0.3,0.6,14.00,11.11111111
1/3/2003,7,0.55,0.55,13.00,11.66666667
1/3/2003,7,0.2,0.2,13.00,11.66666667
1/3/2003,6.5,1,1.9,12.00,11.66666667
1/3/2003,6.5,0.9,1.1,15.00,11.66666667
2/3/2003,7,0.4,0.4,7.00,7.722222222
2/3/2003,6,1.2,1.5,6.00,7.777777778
2/3/2003,7,0.6,0.6,6.00,10
2/3/2003,7,0.5,0.5,6.00,10
2/3/2003,6.5,0.5,1.1,6.00,10
2/20/2003,7,0.8,0.8,7.00,7.222222222
2/20/2003,6.5,0.8,1.35,7.00,6.111111111
2/20/2003,6.5,,,7.00,7.222222222
2/20/2003,7.5,0.5,0.5,7.00,6.666666667
2/20/2003,7,0.25,0.45,7.00,6.111111111
3/6/2003,7,0.7,0.7,14.00,14.44444444
3/6/2003,6.5,0.7,1.5,,14.44444444
3/6/2003,7.5,0.48,0.48,15.00,14.44444444
3/6/2003,6.5,0.8,1.4,14.00,14.44444444
3/6/2003,6.5,0.3,0.9,14.00,15.5
3/20/2003,6,1.2,1.4,12.00,11.66666667
3/20/2003,,0.3,0.3,12.00,0.555555556
3/20/2003,6.5,0.6,1,12.00,11.66666667
3/20/2003,7,0.2,0.3,11.00,11.61111111
3/20/2003,7,0.4,0.4,12.00,11.66666667
4/21/2003,7,0.3,0.6,16.00,18.27777778
4/21/2003,7.5,0.3,0.3,20.00,19.44444444
4/21/2003,7,0.4,0.4,18.00,18.33333333
4/21/2003,5.5,0.3,0.8,17.00,19.44444444
4/21/2003,,1.1,1.5,16.00,18.33333333
5/1/2003,7,0.4,0.4,24.00,24.44444444
5/1/2003,6.5,1,1.5,25.00,23.88888889
5/1/2003,7.5,0.6,0.6,25.00,24.44444444
5/1/2003,6.5,0.4,0.8,,23.88888889
5/1/2003,6.5,0.45,1.15,23.00,23.88888889
5/22/2003,7,0.7,0.7,,15.55555556
5/22/2003,6.5,0.3,0.5,20.00,15.77777778
5/22/2003,6.5,0.8,1.5,,15.77777778
5/22/2003,6.5,0.5,0.8,,15.77777778
6/5/2003,6.5,0.3,1.5,25.00,22.22222222
6/5/2003,7,4,4,,22.22222222
6/5/2003,9.5,0.1,0.1,25.10,22.22222222
6/5/2003,6.5,0.4,0.8,,20.72222222
6/5/2003,6.5,0.5,0.85,24.00,21.11111111
6/20/2003,6.5,0.4,1.1,25.00,22.77777778
6/20/2003,7,0.4,0.8,24.00,22.27777778
6/20/2003,7,0.2,0.2,26.00,22.77777778
6/20/2003,6,0.5,1.5,25.00,22.61111111
6/20/2003,7,0.5,0.5,24.00,22.77777778
7/1/2003,6.5,0.4,0.7,27.00,-3.055555556
7/1/2003,6,0.4,1.4,27.00,25
7/1/2003,6.5,0.4,1,28.00,24.72222222
7/1/2003,,0.3,0.3,26.00,25
7/1/2003,7.5,0.3,0.3,27.00,25
7/17/2003,7,0.35,0.35,28.00,23.88888889
7/17/2003,6.5,0.4,0.8,26.00,23.33333333
7/17/2003,7,0.6,0.85,29.00,24.44444444
7/17/2003,6.5,0.5,1.4,28.00,23.88888889
7/17/2003,7.5,0.1,0.1,28.00,24.44444444
8/7/2003,7.2,0.5,0.9,25.00,25
8/7/2003,6.5,0.45,1,25.00,27
8/7/2003,6.5,0.6,1.6,25.00,25
8/7/2003,7,0.2,0.2,25.00,25
8/7/2003,7,0.5,0.5,25.00,25
9/4/2003,7.5,0.1,0.1,29.00,28.33333333
9/4/2003,6.5,0.8,0.9,29.00,28.33333333
9/4/2003,7,0.5,0.75,27.00,27.72222222
9/4/2003,6.5,0.5,1.5,28.00,27.77777778
9/4/2003,7,0.15,0.15,27.00,28.33333333
10/2/2003,6.5,0.6,0.9,20.00,17.77777778
10/2/2003,7,0.15,0.15,18.00,17.77777778
10/2/2003,7,0.6,0.6,20.00,17.77777778
10/2/2003,6.5,0.5,0.7,,17.77777778
10/2/2003,6.5,0.5,1.6,19.00,17.77777778
10/23/2003,7.5,0.15,0.15,14.00,14.44444444
10/23/2003,8,0.2,0.2,11.00,14.44444444
10/23/2003,6.5,0.4,0.55,14.00,13.88888889
10/23/2003,,0.5,0.8,,14.44444444
10/23/2003,6.5,1.1,1.5,14.00,13.88888889
11/6/2003,6.5,0.75,0.75,23.00,24.61111111
11/6/2003,7,0.3,0.3,24.00,24.44444444
11/6/2003,7,0.15,0.15,25.00,24.44444444
11/6/2003,6.5,0.1,0.8,24.00,24.44444444
11/20/2003,7.5,0.2,0.2,,13.33333333
11/20/2003,6.5,0.4,0.6,14.00,13.33333333
11/20/2003,7.5,0.5,0.7,14.00,13.33333333
11/20/2003,8,0.2,0.2,13.50,13.33333333
11/20/2003,6.5,1.2,1.4,14.50,13.33333333
12/1/2003,7.5,0.25,0.25,13.00,15
12/1/2003,6,1.5,1.5,11.00,15
12/1/2003,7.5,0.75,0.2,12.00,14.44444444
12/1/2003,6.5,0.2,0.75,11.00,14.44444444
12/1/2003,7,0.45,0.8,,15
12/15/2003,7,0.7,0.95,9.00,8.888888889
12/15/2003,6,1.5,1.7,12.00,8.888888889
12/15/2003,7,0.5,0.5,8.00,8.888888889
12/15/2003,7,0.3,0.3,9.00,8.888888889
12/15/2003,6,0.4,0.7,8.00,8.333333333
1/4/2004,7,0.2,0.2,4.00,0.555555556
1/4/2004,7,0.5,0.5,5.00,0.555555556
1/4/2004,6.5,1.1,1.1,5.00,0.555555556
1/4/2004,7,0.65,1.05,5.00,0.555555556
1/9/2004,6.5,0.4,0.4,6.00,0.555555556
1/20/2004,8,0.2,0.2,3.00,4.444444444
1/20/2004,,0.5,0.5,3.00,4.444444444
1/20/2004,6.5,1.4,1.4,4.00,4.444444444
1/20/2004,7,0.6,0.9,4.00,4.444444444
1/20/2004,6.5,0.2,0.3,7.00,4.444444444
2/5/2004,7,0.25,0.25,5.00,6.111111111
2/5/2004,7,0.8,1.1,60.00,6.111111111
2/5/2004,7,0.6,0.6,7.00,6.111111111
2/5/2004,6,1.5,1.5,5.00,6.111111111
2/5/2004,6.5,0.2,0.25,15.50,6.111111111
2/19/2004,7,0.3,0.3,6.50,-11.94444444
2/19/2004,7,0.1,0.1,6.00,2.777777778
2/19/2004,7,0.7,1.2,8.00,-9.722222222
2/19/2004,7,0.5,0.6,6.00,-11.38888889
2/19/2004,6.5,1.5,1.5,6.00,2.777777778
3/4/2004,6.5,0.1,0.5,15.00,17.77777778
3/4/2004,7,0.6,0.6,17.00,-5.555555556
3/4/2004,7,0.2,0.2,16.00,18.33333333
3/4/2004,7,1,1.2,16.00,17.77777778
3/4/2004,6.5,1.2,1.2,18.00,-6.111111111
3/18/2004,7,0.6,0.6,10.00,7.222222222
3/18/2004,7,0.3,0.3,9.00,6.111111111
3/18/2004,7,1,1.2,10.00,4.444444444
3/18/2004,6.5,1,1.5,,6.666666667
3/18/2004,6.5,0.2,0.45,9.00,6.277777778
4/1/2004,7,0.1,0.1,14.00,11.38888889
4/1/2004,7,0.6,1,13.00,12.22222222
4/1/2004,6.5,1,1.6,12.00,12.77777778
4/1/2004,7,0.6,0.6,12.00,12.77777778
4/1/2004,8,0.3,0.3,13.00,12.22222222
4/16/2004,7.5,0.4,0.4,14.00,11.11111111
4/16/2004,6.5,0.2,0.5,13.00,11.11111111
4/16/2004,7,0.8,0.9,,11.66666667
4/16/2004,6.5,0.9,1.5,14.00,11.11111111
4/16/2004,8,0.2,0.2,13.00,11.66666667
4/29/2004,6.5,1.1,1.35,19.00,16.66666667
4/29/2004,6.5,0.35,0.45,16.00,16.66666667
4/29/2004,7.5,0.7,0.7,22.00,17.77777778
4/29/2004,8.5,0.1,0.1,22.00,17.22222222
4/29/2004,7,0.3,0.3,,17.22222222
5/13/2004,6,0.7,0.8,26.00,25
5/13/2004,7,1,1.4,28.00,25.55555556
5/13/2004,9,0.2,0.2,28.00,-3.333333333
5/13/2004,6.5,0.4,0.75,,24.22222222
5/13/2004,7,0.4,0.4,27.00,25.55555556
6/3/2004,6.5,,,26.00,27.22222222
6/3/2004,7.5,0.3,0.3,26.00,26.66666667
6/3/2004,6.5,0.5,0.7,26.00,25
6/3/2004,8,0.1,0.1,27.00,26.66666667
6/3/2004,6.5,0.7,1.3,26.00,25.55555556
6/17/2004,7,0.4,0.4,25.00,26.11111111
6/17/2004,6.5,0.5,0.5,26.00,25
6/17/2004,7,0.1,0.1,26.00,25.55555556
6/17/2004,6.5,0.5,0.8,25.00,25
6/17/2004,6.5,0.6,1.5,,26.66666667
7/8/2004,6.5,0.6,1.65,29.00,25.55555556
7/8/2004,7.5,0.5,0.5,29.00,26.66666667
7/8/2004,6.5,0.5,0.6,27.00,25
7/8/2004,6.5,1,1,29.00,26.66666667
7/8/2004,7,0.2,0.2,29.00,26.66666667
7/22/2004,8,0.1,0.1,28.50,27.22222222
7/22/2004,7,0.55,0.55,30.00,27.22222222
7/22/2004,6.5,0.5,0.55,27.00,26.11111111
7/22/2004,6.5,0.5,1.5,30.00,27.77777778
8/5/2004,6.5,0.5,1.6,28.00,27.77777778
8/5/2004,6.5,0.55,0.6,27.00,27.5
8/5/2004,7,0.25,0.25,32.00,28.33333333
8/5/2004,6.5,0.95,1.15,30.00,28.33333333
8/5/2004,6.5,0.6,0.6,29.00,28.33333333
8/19/2004,6.5,0.8,1.5,29.00,28.33333333
8/19/2004,6.5,0.2,0.2,28.00,27.77777778
8/19/2004,6.5,0.7,0.7,28.00,27.77777778
8/19/2004,6.5,0.95,0.95,27.00,26.66666667
8/19/2004,6.5,0.4,0.8,26.00,26.61111111
9/2/2004,6.5,0.8,0.8,26.00,26.66666667
9/2/2004,6.5,0.4,1.4,25.20,25.55555556
9/2/2004,6.5,0.1,0.1,26.00,26.11111111
9/2/2004,7,0.3,0.3,,26.66666667
9/2/2004,6.5,0.4,0.6,24.00,25.55555556
9/16/2004,6.5,0.45,0.65,24.00,-1.666666667
9/16/2004,7,0.25,0.25,27.00,-1.111111111
9/16/2004,6.5,0.9,1.5,26.00,-1.111111111
9/16/2004,7,0.2,0.2,26.00,-1.666666667
9/16/2004,6.5,0.4,0.8,26.00,-1.666666667
10/1/2004,7,0.4,0.7,23.00,22.11111111
10/1/2004,0.7,0.4,0.7,24.00,22.22222222
10/1/2004,6.5,0.6,1.5,24.00,22.22222222
10/1/2004,7.5,0.3,0.3,23.00,22.22222222
10/1/2004,8,0.15,0.15,23.00,22.22222222
10/21/2004,6.5,1,1.5,16.00,17.22222222
10/21/2004,6.5,0.6,0.7,18.00,17.22222222
10/21/2004,7,0.3,0.3,17.00,17.22222222
10/21/2004,7,0.5,0.5,17.00,17.22222222
10/21/2004,6.5,0.8,0.8,17.00,17.22222222
11/5/2004,6.5,1.2,1.4,,13.88888889
11/5/2004,7,0.25,0.25,15.00,14.44444444
11/5/2004,6.5,0.5,0.6,14.00,13.88888889
11/5/2004,7,0.7,0.8,16.00,13.88888889
11/5/2004,7,0.5,0.5,15.00,13.88888889
11/18/2004,6.5,0.5,0.5,11.00,10.55555556
11/18/2004,7,0.2,0.2,11.00,-17.77777778
11/18/2004,7,0.6,0.6,10.00,10.55555556
11/18/2004,7,0.5,0.5,11.00,11.66666667
11/18/2004,6.5,1.4,1.4,12.00,11.66666667
12/2/2004,7,0.5,0.5,12.00,12.77777778
12/2/2004,6.5,0.4,0.65,11.00,12
12/2/2004,7.5,0.2,0.2,13.00,12.77777778
12/2/2004,7,1.6,1.8,13.00,13.33333333
12/2/2004,6.5,1.5,1.5,12.00,12.22222222
12/16/2004,6.5,0.3,0.3,4.00,0.555555556
12/16/2004,7,0.5,0.5,4.00,1.666666667
12/16/2004,6.5,1.5,1.5,5.00,1.666666667
12/16/2004,7.5,0.2,0.2,4.00,1.666666667
12/16/2004,7,0.9,1,5.00,1.111111111
1/6/2005,7,0.2,0.2,13.00,15
1/6/2005,6.5,1,1,12.00,15
1/6/2005,6.5,1.4,1.4,13.00,14.44444444
1/6/2005,7,0.4,0.4,13.00,14.44444444
1/6/2005,6,0.4,0.5,12.00,14.27777778
2/3/2005,6.5,1.1,1.45,7.20,3.333333333
2/3/2005,7,0.6,0.6,4.50,3.333333333
2/3/2005,7,0.3,0.3,34.50,3.333333333
2/3/2005,6.5,0.15,0.15,6.00,3
2/3/2005,7,0.8,0.8,5.00,3.333333333
2/17/2005,7,,,10.00,7.222222222
2/17/2005,6.5,1.3,1.5,10.00,6.666666667
2/17/2005,7,0.6,0.6,12.00,7.222222222
2/17/2005,7,1,1,10.00,7.222222222
2/17/2005,6.5,0.3,0.5,9.00,6.666666667
3/3/2005,7,0.6,0.6,5.00,1.111111111
3/3/2005,6.5,1.5,1.6,6.00,1.666666667
3/3/2005,6.5,0.2,0.45,5.00,-17.77777778
3/3/2005,7,0.3,0.3,5.00,1.111111111
3/3/2005,7,1.1,1.1,5.00,1.111111111
3/10/2005,7.5,0.4,0.4,7.00,7.222222222
3/10/2005,7,0.7,0.7,6.00,7.222222222
3/10/2005,6,0.2,0.4,6.00,6.666666667
3/10/2005,6.5,1.2,1.4,6.00,6.666666667
3/10/2005,7,0.7,0.7,0.70,7.222222222
4/21/2005,8,0.6,0.6,21.00,21.66666667
4/21/2005,7,0.3,0.9,19.00,21.11111111
4/21/2005,6,0.2,0.5,19.00,21.11111111
4/21/2005,8.5,0.2,0.2,20.00,21.66666667
4/21/2005,6.5,1.1,1.4,21.00,22.22222222
5/5/2005,6.5,0.4,0.4,15.00,14.44444444
5/5/2005,8,0.1,0.1,17.00,12.22222222
5/5/2005,7,0.6,0.6,17.00,12.22222222
5/5/2005,8,0.6,0.6,,14.44444444
5/5/2005,6.5,1,1.4,17.00,14.44444444
5/24/2005,6.5,0.4,0.6,20.00,16.11111111
5/24/2005,7.5,0.7,0.7,21.00,16.66666667
5/24/2005,9,0.1,0.1,20.00,16.66666667
5/24/2005,7,0.6,0.75,20.00,16.66666667
5/24/2005,6.5,0.8,1.5,,16.66666667
6/3/2005,6.5,0.6,0.7,18.00,17.22222222
6/3/2005,6.5,1,1.5,18.00,17.22222222
6/3/2005,8,0.7,0.7,18.00,17.77777778
6/16/2005,7,0.55,0.65,30.00,30.77777778
6/16/2005,9,0.95,,35.00,31.66666667
6/16/2005,6.5,0.8,1.4,34.00,31.11111111
6/16/2005,8,0.7,0.85,31.00,31.11111111
6/16/2005,8.5,0.6,0.6,34.00,31.11111111
7/1/2005,6.5,0.07,0.07,27.00,-17.77777778
7/1/2005,6.5,0.9,1.3,30.00,-17.77777778
7/1/2005,7,0.8,0.8,30.00,-17.77777778
7/1/2005,8.5,0.6,0.6,31.00,-17.77777778
7/1/2005,8,0.3,0.3,30.00,-17.77777778
7/14/2005,6.5,0.6,0.6,32.00,-17.77777778
7/14/2005,6,0.8,0.8,28.00,-17.77777778
7/14/2005,6,0.6,0.7,25.00,-2.777777778
7/14/2005,7.5,0.9,1.3,30.00,-17.77777778
7/14/2005,6,0.1,0.1,28.00,-17.77777778
7/21/2005,6,0.6,0.6,28.00,28.33333333
7/21/2005,6.5,0.7,1.5,32.00,28.33333333
8/11/2005,7.5,0.1,0.1,32.00,30
8/11/2005,7,1,1.4,32.00,30
8/11/2005,6.5,0.6,0.6,27.00,29.44444444
8/11/2005,6.5,0.4,0.8,31.00,29.44444444
8/11/2005,7,0.6,0.6,31.00,30
8/24/2005,7,0.5,0.7,27.00,22.77777778
8/24/2005,,0.7,1.5,27.00,22.77777778
8/24/2005,6,0.45,0.45,25.00,22.77777778
8/24/2005,7,0.3,0.3,25.00,22.77777778
8/24/2005,7.5,0.2,0.2,27.00,22.77777778
9/8/2005,7,0.1,0.1,26.00,23.33333333
9/8/2005,8,0.1,0.1,25.00,23.33333333
9/8/2005,7,0.3,0.5,,22.77777778
9/8/2005,6.5,0.9,1.4,24.00,23.33333333
9/8/2005,6.5,0.1,0.1,74.00,24.44444444
9/22/2005,6.5,0.1,0.1,27.00,25.55555556
9/22/2005,6.5,0.7,1,26.00,25.55555556
9/22/2005,6.5,0.3,0.5,26.00,26.11111111
9/22/2005,6.5,0.2,0.2,25.00,25.55555556
9/22/2005,6,0.5,0.7,25.00,25.55555556
10/7/2005,6.5,,,25.00,25
10/7/2005,6.5,0.7,1.1,25.00,25
10/7/2005,6.5,0.6,0.8,24.00,25
10/7/2005,6.5,0.6,0.7,24.00,22.22222222
10/7/2005,7,0.1,0.1,25.00,25
10/27/2005,6.5,0.5,0.5,16.00,10.55555556
10/27/2005,6.5,0.1,0.1,14.00,11.66666667
10/27/2005,6.5,1,1.4,14.00,10.55555556
10/27/2005,7,0.35,0.35,14.00,-17.77777778
10/27/2005,6.5,0.6,0.6,9.00,11.66666667
11/3/2005,6.5,0.5,0.5,14.00,13.88888889
11/3/2005,6,1.4,1.4,16.00,15.55555556
11/3/2005,7.5,0.3,0.3,16.00,15.55555556
11/3/2005,6.5,0.15,0.15,13.00,15
11/3/2005,7,0.8,0.8,14.00,15
11/10/2005,6.5,0.9,1.3,17.00,15
11/10/2005,7,0.3,0.3,17.00,15
11/10/2005,6.5,0.5,0.7,18.00,15
11/10/2005,6.5,0.2,0.2,17.00,15
11/10/2005,6.5,0.9,0.9,17.00,15
12/1/2005,6.5,0.45,0.45,11.00,6.111111111
12/1/2005,6.5,1.3,1.3,11.00,7.222222222
12/1/2005,7,0.5,0.5,13.00,7.222222222
12/1/2005,7,0.4,0.4,12.00,7.777777778
12/1/2005,6.5,0.9,0.9,10.00,7.222222222
12/15/2005,6.5,0.8,0.9,5.00,7.777777778
12/15/2005,6.5,0.2,0.2,6.00,7.777777778
1/3/2006,7,0.5,0.5,10.00,8.888888889
1/3/2006,6.5,1.2,1.6,9.00,8.888888889
1/3/2006,6,0.6,0.6,9.00,-17.77777778
1/3/2006,6,0.7,0.9,11.00,8.888888889
1/3/2006,7,0.3,0.3,11.00,8.888888889
1/19/2006,6.5,1.1,1.1,9.00,7.777777778
1/19/2006,6.5,1.4,1.4,10.00,8.333333333
1/19/2006,7,0.5,0.5,10.00,8.333333333
1/19/2006,7,0.2,0.2,8.00,7.777777778
1/19/2006,6.5,0.3,0.7,9.00,7.222222222
2/2/2006,,1.4,1.4,9.00,12
2/2/2006,7,0.5,0.5,9.00,12.22222222
2/2/2006,7,0.2,0.2,9.00,12.22222222
2/2/2006,6.5,0.5,0.5,7.00,11
2/2/2006,6.5,1.15,1.15,9.00,11.11111111
2/9/2006,7,1,1.1,7.00,4
2/9/2006,7,0.2,0.2,,4
2/9/2006,6.5,1.5,1.5,7.00,5
2/9/2006,7,0.6,0.6,7.00,4
2/9/2006,6.5,0.4,0.4,7.00,-1.111111111
3/9/2006,6.5,1.4,1.4,10.00,13.33333333
3/9/2006,7,1.1,1.1,10.00,14
3/9/2006,7.5,0.5,0.5,10.00,14
3/9/2006,6.5,0.2,0.4,10.00,15
3/9/2006,7,0.3,0.3,11.00,14
3/15/2006,7,1,1,14.00,7
3/15/2006,7,0.2,0.6,11.00,8.888888889
3/15/2006,7,0.2,0.2,12.00,9
3/15/2006,8,0.4,0.4,14.00,7
3/15/2006,6.5,1.3,1.3,13.00,7
4/6/2006,6.5,1.2,1.4,15.00,15
4/6/2006,6.5,0.5,0.5,13.00,11.66666667
4/6/2006,7.5,0.4,1.1,17.00,15
4/6/2006,8,0.4,0.4,14.00,15
4/6/2006,8,0.25,0.25,17.00,15
4/12/2006,6.5,1.1,1.3,18.00,17
4/21/2006,6.5,0.3,0.5,17.00,17
4/21/2006,7,0.2,0.2,18.00,17
4/21/2006,7,0.6,1,19.00,17
4/21/2006,7,0.3,0.3,18.00,17
5/5/2006,9,0.1,0.1,21.00,16
5/5/2006,7,0.9,0.9,21.00,16
5/5/2006,8.5,0.1,0.3,19.00,16
5/5/2006,6.5,1.4,1.4,19.00,16
5/5/2006,6.5,0.1,0.1,19.00,16
5/17/2006,8,,,23.00,21.66666667
5/17/2006,6.5,0.8,0.8,22.00,21.66666667
5/17/2006,6.5,1.2,1.5,21.00,21.66666667
5/17/2006,6,0.2,0.2,22.00,21.66666667
5/17/2006,6.5,0.5,0.8,20.00,22
6/1/2006,7,0.1,0.1,26.00,25
6/1/2006,6.5,0.5,0.65,25.00,25
6/1/2006,7,0.7,0.7,20.00,25
6/1/2006,6.5,1.1,1.3,28.00,25
6/1/2006,9.5,0.2,0.2,29.00,25
6/16/2006,7,0.5,0.5,22.00,20
6/16/2006,6,0.4,0.4,23.00,20
6/16/2006,6.5,0.5,0.7,22.00,20
7/6/2006,6.5,0.4,0.8,27.00,23
7/6/2006,7,0.4,0.4,28.00,23
7/6/2006,6.5,0.9,1,28.00,23
7/6/2006,6.5,0.5,1.5,28.00,23
7/6/2006,6.5,0.2,0.2,27.00,23
7/18/2006,6,2,5,27.00,22.77777778
7/18/2006,6.5,0.2,0.2,26.00,22.77777778
7/18/2006,7,0.8,0.8,31.00,22.77777778
7/18/2006,6.5,0.15,0.2,29.00,-17.77777778
7/18/2006,6.5,0.2,0.2,20.00,22.22222222
7/27/2006,6.5,0.6,1.6,30.00,26.11111111
7/27/2006,6,0.4,0.6,28.00,26
7/27/2006,7,0.3,0.3,29.00,26.11111111
7/27/2006,6.5,0.2,0.2,29.00,26.11111111
7/27/2006,6.5,,,28.00,26.11111111
8/17/2006,5,0.65,1.3,25.00,26.11111111
8/17/2006,6.5,0.5,0.6,26.00,26.66666667
8/17/2006,7,0.4,0.55,25.00,26.11111111
8/17/2006,6.5,0.2,0.2,28.00,26.66666667
8/17/2006,9,0.1,0.1,30.00,26.66666667
9/7/2006,6.5,0.7,0.7,24.00,21.66666667
9/7/2006,7,0.45,0.9,23.00,21.11111111
9/7/2006,6.5,,,24.00,21.11111111
9/7/2006,6,0.7,1.65,24.00,21.66666667
9/7/2006,6.5,0.2,0.2,25.00,21.11111111
9/21/2006,6.5,0.6,0.9,21.00,18.88888889
9/21/2006,6.5,0.9,1.5,20.00,18.88888889
9/21/2006,6.5,0.2,0.2,18.00,18.88888889
9/21/2006,6.5,0.4,0.4,20.00,18.88888889
9/21/2006,7,0.5,0.7,19.00,18.33333333
10/5/2006,7,0.4,0.4,23.00,22.77777778
10/5/2006,6.5,1,1.4,22.00,22.77777778
10/5/2006,6.5,0.1,0.1,25.00,23.33333333
10/5/2006,,0.8,0.8,23.00,23.33333333
10/5/2006,7,0.4,0.7,22.00,22.77777778
10/19/2006,7,0.4,0.7,18.00,18.33333333
10/19/2006,6.5,0.2,0.6,20.00,19.44444444
10/19/2006,7,0.8,0.8,21.00,19.44444444
10/19/2006,,0.2,0.2,,19.44444444
10/19/2006,7.5,0.3,0.3,22.00,19.44444444
11/6/2006,6.5,1.3,1.3,13.00,15.55555556
11/6/2006,6.5,0.3,0.3,11.00,15.55555556
11/6/2006,6.5,0.1,0.1,17.00,16.11111111
11/6/2006,6.5,0.6,0.6,15.00,16.11111111
11/6/2006,7,0.2,0.2,19.00,16.66666667
11/16/2006,6.5,1,1.5,17.00,18.33333333
11/16/2006,6.5,0.6,0.9,18.00,18.33333333
11/16/2006,6.5,1,1,18.00,18.33333333
11/16/2006,6.5,0.6,0.95,17.00,18.33333333
11/16/2006,6.5,0.3,0.3,18.00,18.33333333
11/30/2006,6.5,1.2,1.5,14.50,18.33333333
11/30/2006,6.5,0.6,0.9,15.00,18.33333333
11/30/2006,6.5,0.5,0.7,14.00,18.33333333
11/30/2006,7,0.2,0.2,16.00,18.33333333
11/30/2006,6.5,0.1,0.1,14.00,18.33333333
12/14/2006,6,0.1,0.2,15.00,14.44444444
12/14/2006,8,0.2,0.2,13.00,14.44444444
12/14/2006,6.5,1.4,1.4,13.00,14.44444444
12/14/2006,6.5,0.4,0.4,13.00,10
12/14/2006,,0.65,0.75,13.00,14.44444444
1/4/2007,5,1.2,1.6,54.00,-11.11111111
1/4/2007,6.5,0.6,0.6,12.00,12.22222222
1/4/2007,7,0.2,0.2,13.00,13.33333333
1/4/2007,6.5,0.6,0.9,14.00,13.33333333
1/18/2007,7,0.7,0.7,7.00,8.333333333
1/18/2007,6,0.9,0.9,7.00,13.88888889
1/18/2007,7,0.3,0.3,6.00,8.333333333
1/18/2007,6.5,0.2,0.2,6.00,8.333333333
2/2/2007,6.5,2,2,5.00,6.111111111
2/2/2007,6.5,0.45,0.45,5.00,5.555555556
2/2/2007,8,0.2,0.2,5.00,6.111111111
2/2/2007,7,0.3,0.3,5.00,6.111111111
2/2/2007,7,0.7,0.7,5.00,6.111111111
2/15/2007,6.5,1.9,1.9,4.00,-3.333333333
2/15/2007,7,1,1,5.00,-3.333333333
2/15/2007,7,0.5,0.5,4.00,-3.333333333
2/15/2007,6.5,0.3,0.3,3.00,-3.333333333
2/15/2007,6.5,0.2,0.2,2.00,-3.333333333
3/1/2007,6,1.4,1.4,10.00,10
3/1/2007,7,0.4,0.4,,8.888888889
3/1/2007,6.5,0.3,0.3,10.00,8.888888889
3/1/2007,6.5,0.3,0.4,9.00,8.888888889
3/1/2007,7,0.8,0.9,11.00,8.888888889
3/21/2007,6.5,0.3,0.37,11.00,10.55555556
3/21/2007,6.5,0.15,0.15,14.00,10.55555556
3/21/2007,7,0.5,0.5,15.00,11.11111111
4/6/2007,7,0.6,0.9,15.00,8.333333333
4/6/2007,7,0.3,0.3,13.00,8.333333333
4/6/2007,6,1,1.3,14.00,7.777777778
4/6/2007,7,0.4,0.4,15.00,8.333333333
4/6/2007,6.5,0.4,0.45,11.00,7.777777778
4/19/2007,6.5,1,1.3,12.00,11.11111111
4/19/2007,7,0.7,0.8,13.00,11.11111111
4/19/2007,6.5,0.2,0.2,13.00,0
4/19/2007,7.5,0.45,0.45,13.00,11.11111111
4/19/2007,6.5,0.1,0.2,13.00,13.88888889
5/3/2007,6.5,0.6,0.9,19.00,15
5/3/2007,6.5,0.9,2,20.00,15
5/3/2007,7.5,0.4,0.4,19.00,15
5/3/2007,6.5,0.3,0.3,19.00,15
5/3/2007,6.5,0.4,0.7,19.00,15
5/24/2007,8.5,0.2,0.2,24.00,18.88888889
5/24/2007,7,0.5,0.6,20.00,18.33333333
5/24/2007,8.5,0.3,0.3,23.00,18.88888889
5/31/2007,7,0.5,0.5,26.00,23.88888889
5/31/2007,8.5,0.1,0.1,26.00,23.33333333
5/31/2007,6.5,0.45,0.65,24.00,23.33333333
5/31/2007,7.5,0.3,0.3,25.00,23.33333333
5/31/2007,6.5,1,1.1,27.00,23.33333333
6/14/2007,6.5,7.4,7.4,20.00,19.44444444
6/14/2007,6.5,0.9,1.1,21.00,19.44444444
6/14/2007,6.5,0.9,0.9,23.00,19.44444444
6/14/2007,7,0.4,0.4,23.00,19.44444444
6/14/2007,8,0.3,0.3,21.00,19.44444444
7/5/2007,7.5,0.5,0.5,26.00,23.33333333
7/5/2007,7.5,0.9,1,28.00,23.33333333
7/5/2007,7.5,0.9,1,28.00,23.33333333
7/5/2007,6.5,0.5,0.9,24.00,27.77777778
7/5/2007,7.5,0.3,0.3,25.00,22.77777778
7/19/2007,6.7,0.3,0.3,,27.77777778
7/19/2007,,0.8,0.9,29.00,26.66666667
7/19/2007,7,0.8,1,30.00,27.77777778
7/19/2007,7,0.3,0.7,27.00,26.66666667
7/19/2007,7,0.3,0.3,30.00,27.77777778
8/2/2007,7.5,0.8,1.1,31.00,27.22222222
8/2/2007,9,0.4,0.4,30.00,27.22222222
8/2/2007,6.5,0.25,0.25,29.00,26.66666667
8/2/2007,8,0.45,0.55,28.00,25.55555556
8/2/2007,7,0.5,0.75,30.00,26.11111111
8/21/2007,7.5,0.4,0.8,26.00,26.66666667
8/21/2007,7,0.7,0.9,28.00,26.66666667
8/21/2007,6.5,0.5,0.8,28.00,27.77777778
8/21/2007,6.5,0.2,0.2,28.00,27.77777778
8/21/2007,7,0.3,0.3,28.00,27.22222222
9/6/2007,7,0.8,0.8,26.00,27.22222222
9/6/2007,8.5,0.5,0.65,25.00,27.22222222
9/6/2007,8.5,0.15,0.15,27.00,28.33333333
9/6/2007,8.5,0.75,0.9,28.00,28.33333333
9/6/2007,8.5,0.1,0.2,30.00,27.77777778
9/27/2007,8.5,0.5,0.8,26.00,22.77777778
9/27/2007,7.5,0.5,0.9,25.00,22.77777778
9/27/2007,8,0.3,0.3,26.00,23.33333333
9/27/2007,,0.4,0.4,25.00,22.77777778
9/27/2007,8,0.5,0.9,25.00,22.77777778
10/11/2007,7,0.2,1,27.00,18.88888889
10/11/2007,7,0.3,0.3,21.00,18.88888889
10/11/2007,7,0.6,0.9,22.00,18.88888889
10/11/2007,7.5,0.3,0.3,23.00,18.88888889
10/11/2007,7,0.4,0.7,23.00,18.33333333
10/18/2007,,0.3,0.3,23.00,21.11111111
10/18/2007,,0.3,0.48,23.00,21.11111111
10/18/2007,,0.3,1,23.00,21.11111111
10/18/2007,,0.4,0.8,21.00,21.11111111
10/18/2007,,0.75,0.85,23.00,21.11111111
11/1/2007,7,0.4,0.7,28.00,20
11/1/2007,7,0.65,1.1,28.00,20.55555556
11/1/2007,7,0.75,1,28.00,20
11/1/2007,7,0.35,0.35,28.00,20
11/1/2007,7,0.2,0.2,28.00,20.55555556
11/12/2007,7,0.8,1.1,18.00,13.33333333
11/12/2007,7,0.55,0.6,13.00,13.88888889
11/12/2007,7.5,0.3,0.3,16.00,13.33333333
11/12/2007,7,0.8,1,13.00,15
11/12/2007,7,0.4,0.4,12.00,13.88888889
12/6/2007,7,1,1,5.00,2.777777778
12/6/2007,7,0.25,0.25,5.00,2.777777778
12/6/2007,6.5,0.7,1.9,5.00,2.777777778
12/6/2007,7,0.5,0.75,5.00,2.777777778
12/6/2007,7,0.4,0.5,5.00,2.777777778
12/20/2007,6.5,0.5,1,7.00,6.666666667
12/20/2007,6.5,0.5,0.5,8.00,6.666666667
12/20/2007,6,1.1,1.1,7.00,4.444444444
12/20/2007,6.5,0.6,0.65,7.00,4.444444444
12/20/2007,7,0.4,0.6,6.00,3.888888889
1/3/2008,6.5,1,1.3,4.00,-1.666666667
1/3/2008,6.5,0.8,0.9,3.00,-1.666666667
1/3/2008,7,0.4,0.4,0.00,-1.666666667
1/3/2008,7,0.2,0.4,1.00,-1.666666667
1/3/2008,7,0.65,0.7,0.00,-1.666666667
1/17/2008,7,0.3,0.3,6.00,5.555555556
1/17/2008,6.5,0.9,1.3,6.00,5.555555556
1/17/2008,7,0.7,0.9,5.00,5.555555556
1/17/2008,7,0.6,0.6,5.00,5.555555556
1/17/2008,6.5,1.2,1.3,6.00,5.555555556
2/7/2008,6.5,0.2,0.9,15.00,16.11111111
2/7/2008,7,0.7,0.7,16.00,16.11111111
2/7/2008,6.5,1.9,1.9,15.00,16.66666667
2/7/2008,7,0.45,0.45,15.00,16.11111111
2/7/2008,7,0.2,0.8,15.00,16.11111111
2/19/2008,6.5,0.7,2.1,12.00,7.777777778
2/19/2008,6.5,1.2,1.3,12.00,8.888888889
2/19/2008,7,0.3,0.7,11.00,7.222222222
2/19/2008,7,0.7,0.7,12.00,8.888888889
2/19/2008,,0.53,0.53,12.00,8.333333333
3/7/2008,7,0.6,0.6,4.00,7.222222222
3/7/2008,6.5,1.2,2,4.00,7.222222222
3/7/2008,7,,,5.00,7.222222222
3/7/2008,6.5,0.9,0.9,4.00,7.222222222
3/7/2008,7,0.3,0.7,5.00,7.222222222
3/21/2008,8,0.5,0.5,14.00,9.444444444
3/21/2008,6.5,0.9,1.5,13.00,9.444444444
3/21/2008,8,0.6,0.6,13.00,9.444444444
3/21/2008,6.5,0.8,1.5,15.00,8.888888889
3/21/2008,7,0.2,0.7,12.00,8.888888889
4/3/2008,8.5,0.2,0.6,14.00,8.888888889
4/3/2008,6.5,0.7,1.3,12.00,8.333333333
4/3/2008,7,0.3,0.4,12.00,8.333333333
4/3/2008,7,0.3,0.5,13.00,8.888888889
4/17/2008,8.5,0.55,0.55,13.00,15
4/17/2008,7,0.25,0.25,12.00,15
4/17/2008,6.5,0.95,1.2,25.00,15.55555556
4/17/2008,6.5,0.5,1.2,16.00,15
5/8/2008,6.5,0.3,1,22.00,21.11111111
5/8/2008,7,0.3,1,20.00,21.11111111
5/8/2008,6,0.3,1.5,20.00,21.11111111
5/8/2008,7,0.4,0.6,20.00,21.11111111
5/22/2008,7,0.6,1,22.00,19.44444444
5/22/2008,7,0.6,0.85,19.00,19.44444444
5/22/2008,6.5,0.6,1.5,22.00,20
5/22/2008,7,0.4,0.4,22.00,20
5/22/2008,7,0.45,0.6,22.00,20
6/5/2008,7,0.7,1.3,28.00,28.33333333
6/5/2008,7.2,0.6,0.88,26.00,28.33333333
6/5/2008,8,0.25,0.4,29.00,25.55555556
6/5/2008,8.2,0.6,0.8,28.00,26.11111111
6/5/2008,8,0.4,0.4,27.00,26.11111111
6/19/2008,6.5,0.5,1.3,25.00,-17.77777778
6/19/2008,7,0.5,0.6,24.50,23.88888889
6/19/2008,7,0.6,0.7,27.00,-17.77777778
6/19/2008,8.5,0.25,0.5,27.00,-17.77777778
6/19/2008,7.5,0.2,0.4,26.00,-17.77777778
7/3/2008,8,0.4,0.4,26.00,27.22222222
7/3/2008,7,0.8,0.1,29.00,30
7/3/2008,7,0.4,0.4,29.00,30.55555556
7/3/2008,7,0.3,0.3,28.00,30.55555556
7/3/2008,7,0.6,1.2,27.00,28.33333333
7/21/2008,7.5,2.5,2.5,30.00,29.44444444
7/21/2008,7.5,0.9,1.2,32.00,29.44444444
7/21/2008,8.5,0.6,0.7,28.00,28.33333333
7/21/2008,8,0.3,0.4,31.00,29.44444444
7/21/2008,6.5,0.7,1.3,32.00,29.44444444
8/7/2008,6.5,0.7,1.2,28.00,26.11111111
8/7/2008,8,0.7,0.7,26.00,25.55555556
8/7/2008,7,0.35,0.35,28.00,26.66666667
8/7/2008,8.5,0.35,0.35,28.00,26.66666667
8/7/2008,6.5,0.6,1,29.00,26.66666667
8/21/2008,6.5,0.6,1.3,26.00,23.88888889
8/21/2008,8,0.6,0.6,23.00,23.88888889
8/21/2008,6.5,0.7,0.9,26.00,23.88888889
8/21/2008,7,0.2,0.2,26.00,23.88888889
8/21/2008,8,0.2,0.2,5.50,23.88888889
9/9/2008,,0.2,0.2,28.00,23.33333333
9/9/2008,7.5,0.2,0.2,28.00,23.33333333
9/9/2008,6.5,0.7,1.2,27.00,22.77777778
9/9/2008,,0.5,1,28.00,23.33333333
9/9/2008,6,0.7,0.825,25.00,22.77777778
9/23/2008,7,0.5,0.5,20.00,20
9/23/2008,8,0.1,0.1,21.00,20
9/23/2008,7,0.1,0.2,20.00,20
9/23/2008,8,1,1,20.00,20
9/23/2008,7,0.1,0.15,20.00,20
10/9/2008,6.5,0.8,1,21.50,21.11111111
10/9/2008,7,0.5,0.6,20.00,20
10/9/2008,6.5,0.2,0.3,21.00,21.11111111
10/9/2008,8,0.2,0.2,21.00,21.11111111
10/9/2008,6.5,1,1.4,21.00,20.55555556
10/28/2008,6.5,1.2,1.4,12.00,7.222222222
10/28/2008,7.5,0.3,0.3,11.00,7.222222222
10/28/2008,7.5,0.7,0.9,11.00,7.222222222
10/28/2008,7,0.9,0.9,13.00,7.222222222
10/28/2008,8,0.4,0.5,10.00,7.222222222
11/6/2008,7.5,0.3,0.3,15.00,15.55555556
11/6/2008,7.5,0.3,0.3,15.00,15.55555556
11/6/2008,7,0.2,0.3,20.00,15
11/6/2008,6.5,0.8,0.85,15.00,15.55555556
11/6/2008,6.5,1,1.2,15.00,15.55555556
11/18/2008,7,0.7,0.7,9.00,5
11/18/2008,6.5,0.5,0.5,8.50,5.555555556
11/18/2008,6.5,0.7,1.4,10.00,5
11/18/2008,7,0.4,0.5,7.00,5.555555556
11/18/2008,7,0.5,0.5,8.00,5
12/4/2008,7,0.7,0.7,7.00,8.333333333
12/4/2008,,0.4,0.4,8.00,8.333333333
12/4/2008,6.5,0.35,0.35,7.00,8.333333333
12/4/2008,6.5,1.6,1.7,8.00,8.888888889
12/4/2008,6,0.9,1.5,8.00,8.333333333
12/16/2008,6.5,0.7,1.5,11.00,9.444444444
12/16/2008,7,0.6,0.6,11.00,9.444444444
12/16/2008,6.5,0.55,0.55,10.00,9.444444444
12/16/2008,7.5,0.3,0.5,10.00,9.444444444
12/16/2008,6.5,0.6,0.85,12.00,9.444444444
1/8/2009,6.5,0.5,0.5,8.50,7.777777778
1/8/2009,6.5,0.3,1.6,9.00,7.777777778
1/8/2009,7,0.15,0.7,8.50,7.777777778
1/8/2009,6.5,0.5,0.5,8.00,6.111111111
1/8/2009,6.5,0.7,0.7,0.90,6.5
1/27/2009,6.5,0.6,1.5,4.00,3.333333333
1/27/2009,7,0.5,0.5,4.00,3.333333333
1/27/2009,7,0.3,0.3,4.00,3.333333333
1/27/2009,7,0.03,0.03,5.00,3.333333333
1/27/2009,6.5,0.5,0.8,4.00,3.333333333
2/5/2009,7,0.3,0.3,2.00,-3.333333333
2/5/2009,6.5,0.7,1.4,2.00,-3.333333333
2/5/2009,7,0.5,0.5,1.00,-3.333333333
2/5/2009,7,0.4,0.4,1.00,-3.333333333
2/5/2009,6.5,0.4,0.4,2.00,-3.333333333
2/19/2009,6.5,0.8,0.9,10.00,12.77777778
2/19/2009,7,0.25,0.25,10.00,12.77777778
2/19/2009,7,3.5,3.5,12.00,12.77777778
2/19/2009,7,0.5,0.5,11.00,12.77777778
2/19/2009,6.5,1.9,2.5,9.00,13.33333333
3/5/2009,6.5,0.5,0.5,8.00,4.444444444
3/5/2009,7,0.3,0.3,12.00,4.444444444
3/5/2009,6.5,0.75,0.75,8.00,4.444444444
3/5/2009,7,0.2,0.2,8.00,4.444444444
3/5/2009,7,0.9,1.6,,4.444444444
3/17/2009,6.5,0.7,1.6,9.00,6.666666667
3/17/2009,7,0.6,0.6,9.00,6.666666667
3/17/2009,7,0.45,0.45,9.00,6.666666667
3/17/2009,6.5,0.6,8.5,9.00,7.777777778
3/17/2009,7,0.3,0.3,9.00,7.777777778
4/3/2009,7,0.5,1.2,14.00,8.888888889
4/5/2009,6.5,0.5,0.5,12.00,8.888888889
4/5/2009,6.5,0.5,1.5,14.00,8.888888889
4/5/2009,7,0.5,0.8,15.00,8.888888889
4/5/2009,7,0.3,0.8,15.00,8.888888889
4/5/2009,7.5,0.2,0.2,13.00,8.888888889
4/21/2009,6.5,0.7,1.6,18.00,17.22222222
4/21/2009,8.5,0.35,0.35,20.00,17.22222222
4/21/2009,8,0.4,0.6,21.00,16.66666667
4/21/2009,6.5,0.4,0.6,19.00,16.11111111
4/21/2009,7,0.5,0.8,,16.11111111
5/7/2009,7,0.1,0.3,22.00,20.55555556
5/7/2009,7,0.6,1.7,23.00,21.11111111
5/7/2009,,0.4,0.4,22.00,21.11111111
5/7/2009,6.5,0.4,0.6,22.00,20.55555556
5/7/2009,7,0.5,1.1,21.00,20.55555556
5/21/2009,9,0.1,0.3,20.00,16.11111111
5/21/2009,6.5,0.5,1.6,22.00,16.66666667
5/21/2009,8,0.4,0.4,20.00,16.66666667
5/21/2009,7,0.5,0.7,21.00,16.11111111
5/21/2009,8.5,0.03,0.03,19.00,15.55555556
6/2/2009,9,0.4,0.4,28.00,23.88888889
6/2/2009,7,0.5,0.5,27.00,24.44444444
6/2/2009,8.5,0.5,0.5,24.00,22.77777778
6/2/2009,7,0.9,0.9,28.00,24.44444444
6/2/2009,6.5,0.7,1.5,26.00,22.77777778
6/23/2009,7,0.5,0.5,16.00,22.77777778
6/23/2009,6.5,0.7,1.6,27.00,23.33333333
6/23/2009,9,0.7,0.7,24.00,22.77777778
6/23/2009,9,0.4,0.8,30.00,23.33333333
6/23/2009,8.5,0.2,0.2,27.00,22.77777778
7/7/2009,9,0.8,0.8,25.00,23.88888889
7/7/2009,6.5,0.6,0.6,28.00,24.44444444
7/7/2009,7,0.2,0.2,27.00,24.44444444
7/7/2009,6.5,0.35,0.35,26.00,23.88888889
7/7/2009,6.5,1.6,1.7,26.00,23.88888889
7/21/2009,7,0.5,0.5,25.00,22.22222222
7/21/2009,6.5,0.45,0.45,27.00,22.22222222
7/21/2009,6.5,0.7,1.3,26.00,22.77777778
7/21/2009,8.5,0.65,0.65,25.00,22.22222222
7/21/2009,7,0.5,0.5,26.00,22.77777778
8/4/2009,8.5,0.8,0.8,28.00,26.66666667
8/4/2009,6.5,0.7,1.4,,26.66666667
8/4/2009,6.5,0.5,0.5,30.00,27.77777778
8/4/2009,7.5,0.28,0.28,30.00,27.77777778
8/4/2009,,0.4,0.4,28.00,26.66666667
8/20/2009,6.5,0.5,0.5,29.00,26.66666667
8/20/2009,7.5,0.8,0.8,27.00,26.66666667
8/20/2009,7.5,,,29.00,27.22222222
8/20/2009,7.5,0.4,0.4,29.00,27.22222222
8/20/2009,7.5,0.8,1.4,30.00,27.22222222
9/1/2009,7,0.6,0.6,22.00,21.11111111
9/1/2009,7.5,0.6,0.6,22.00,21.11111111
9/1/2009,7.5,0.5,0.6,21.00,21.11111111
9/1/2009,6.5,0.3,0.6,23.00,21.11111111
9/1/2009,6,0.5,1.5,21.00,21.11111111
9/17/2009,7,0.8,0.8,24.00,21.11111111
9/17/2009,6.5,0.1,0.6,24.00,25.55555556
9/17/2009,6.5,0.5,2.6,23.00,21.11111111
9/17/2009,6.5,0.3,0.6,24.00,21.11111111
10/1/2009,6,1.6,1.7,20.00,20.55555556
10/1/2009,6.5,0.5,0.7,20.00,20.55555556
10/1/2009,6.5,0.5,0.5,20.00,20.55555556
10/1/2009,7,0.8,0.8,20.00,20.55555556
10/1/2009,7,0.3,0.3,21.00,20.55555556
10/20/2009,6.5,1.4,1.5,14.00,14.44444444
10/20/2009,6.5,0.5,0.5,14.00,5.555555556
10/20/2009,7,0.4,0.4,12.00,13.33333333
10/20/2009,7,0.25,0.25,14.50,14.44444444
10/20/2009,7,0.5,0.5,13.00,14.44444444
11/5/2009,,0.5,0.5,16.00,15.55555556
11/5/2009,7.5,0.5,0.5,17.00,15.55555556
11/5/2009,6.5,0.1,1.5,16.00,15.55555556
11/5/2009,6.5,0.8,0.8,16.00,15.55555556
11/5/2009,7,0.6,0.6,17.00,15.55555556
11/20/2009,6.5,0.48,0.48,16.00,14.44444444
11/20/2009,6.5,0.5,0.8,15.00,14.44444444
11/20/2009,6,0.8,1.6,15.00,14.44444444
11/20/2009,6.5,0.5,0.5,16.00,14.44444444
11/20/2009,7,0.7,0.9,16.00,14.44444444
12/1/2009,6.5,0.82,0.88,10.00,7.777777778
12/1/2009,6.5,0.5,0.5,12.00,8.888888889
12/1/2009,6.5,0.7,0.7,12.00,7.777777778
12/1/2009,6,1.2,1.6,12.00,8.888888889
12/1/2009,7,0.58,0.58,10.00,8.333333333
12/15/2009,6.5,0.5,0.8,11.00,10.55555556
12/15/2009,5.5,1.3,1.65,10.00,10.55555556
12/15/2009,6.5,0.4,0.4,10.00,10.55555556
12/15/2009,6.3,0.7,0.8,11.00,10.55555556
12/15/2009,6.5,0.67,0.67,11.00,10.55555556
1/7/2010,,,,,-1.111111111
1/7/2010,,,,,-1.111111111
1/7/2010,6.5,,,4.00,-1.111111111
1/7/2010,,,,,-1.111111111
1/7/2010,,,,,-1.111111111
2/5/2010,,,,,-17.77777778
2/5/2010,6.5,0.8,0.8,5.00,2.777777778
2/5/2010,6.5,0.6,1.2,5.00,3.888888889
2/5/2010,6.5,0.4,0.4,5.00,3.888888889
2/5/2010,6.5,0.7,0.9,5.00,2.777777778
2/18/2010,6,1.4,1.6,5.00,3.333333333
2/18/2010,6,0.9,1.1,5.00,3.888888889
2/18/2010,6.5,0.95,0.95,5.00,3.333333333
2/18/2010,6.5,0.2,0.65,4.00,3.333333333
2/18/2010,,0.6,0.6,5.00,3.333333333
3/5/2010,6.5,1.2,1.5,6.00,4.444444444
3/5/2010,6.5,,,6.00,4.444444444
3/5/2010,6.5,0.6,0.6,7.00,4.444444444
3/5/2010,6.5,0.2,0.4,10.00,4.444444444
3/5/2010,6.5,0.6,0.6,7.00,4.444444444
3/16/2010,,,,,-17.77777778
3/16/2010,6.5,0.6,0.6,9.00,6.666666667
3/16/2010,6.5,0.3,0.8,10.00,6.666666667
3/16/2010,7,0.55,0.6,11.00,6.666666667
3/16/2010,6,0.5,0.7,12.00,6.666666667
4/6/2010,6.5,0.8,1,20.00,22.22222222
4/6/2010,6.5,0.5,0.5,22.00,22.22222222
4/6/2010,6.5,0.2,0.5,21.00,22.77777778
4/6/2010,6.5,0.7,0.8,21.00,22.77777778
4/6/2010,6,0.7,1.7,22.00,22.22222222
4/23/2010,6.5,0.8,1.7,17.00,15.55555556
4/23/2010,6.5,0.4,0.4,16.00,15.55555556
4/23/2010,6.5,0.5,0.6,18.00,15
4/23/2010,6.5,0.4,0.4,18.00,15.55555556
4/23/2010,6.5,0.6,0.6,16.00,14.44444444
5/6/2010,6.5,0.8,1.5,25.00,24.44444444
5/6/2010,6.5,0.6,0.6,25.00,24.44444444
5/6/2010,6.5,0.3,0.3,24.00,24.44444444
5/6/2010,7,0.4,0.45,25.00,24.44444444
5/6/2010,7,0.75,0.9,23.00,24.44444444
5/19/2010,6.5,0.5,0.6,17.00,15
5/19/2010,7.5,0.4,0.4,16.00,15
5/19/2010,6.5,0.7,0.7,19.00,15.55555556
5/19/2010,6.5,0.8,1.6,19.00,15.55555556
5/19/2010,6.5,0.6,0.7,20.00,15
6/1/2010,6.5,0.5,0.5,26.00,25
6/1/2010,7,0.3,0.3,25.00,25
6/1/2010,7,0.3,0.3,25.00,25
6/1/2010,6,0.7,1.5,25.00,25
6/1/2010,7,0.7,0.9,25.00,25
6/15/2010,7,0.3,0.3,29.00,26.66666667
6/15/2010,6.5,0.5,0.5,29.00,27.22222222
6/15/2010,6.5,0.6,1.4,28.00,26.66666667
6/15/2010,7,0.2,0.2,28.00,27.22222222
6/15/2010,7,0.5,0.5,28.00,26.66666667
7/8/2010,7.5,0.4,0.4,30.00,27.77777778
7/8/2010,7,0.4,0.4,31.00,27.77777778
7/8/2010,6.5,0.6,0.6,31.00,27.77777778
7/8/2010,6.5,0.7,1.2,31.00,27.22222222
7/8/2010,8.5,0.4,0.45,29.00,27.22222222
7/20/2010,8,0.6,1.3,31.00,29.44444444
7/20/2010,6.5,0.5,0.9,28.00,28.88888889
7/20/2010,7,0.7,1,27.00,27.77777778
7/20/2010,7,0.4,0.4,29.00,28.88888889
7/20/2010,7,0.4,0.4,31.00,29.44444444
8/3/2010,7,0.1,0.4,29.00,28.33333333
8/3/2010,6.5,0.8,1.2,28.00,27.77777778
8/3/2010,6.5,0.9,0.9,28.00,28.33333333
8/3/2010,6.5,0.4,0.4,28.00,28.33333333
8/3/2010,7,0.5,0.5,26.00,27.77777778
8/17/2010,7.5,0.9,1.2,31.00,30.55555556
8/17/2010,7,0.5,0.5,,30.55555556
8/17/2010,8,0.5,0.9,27.00,30
8/17/2010,6.5,0.8,0.9,28.00,30
8/17/2010,7,0.2,0.4,29.00,30.55555556
9/2/2010,7,0.5,0.7,26.00,24.44444444
9/2/2010,7,0.6,0.6,27.00,24.44444444
9/2/2010,6.5,0.85,1.2,26.00,24.44444444
9/2/2010,8,0.4,0.4,27.00,25
9/2/2010,6.5,0.8,0.8,28.00,25
9/22/2010,7.5,0.5,0.8,26.00,23.88888889
9/22/2010,8,0.3,0.3,26.00,23.88888889
9/22/2010,8.5,0.6,0.8,26.00,23.33333333
9/22/2010,9,0.2,0.35,26.00,23.88888889
9/22/2010,6.5,1,1.2,25.00,24.44444444
10/14/2010,6.5,0.2,0.3,19.00,19.44444444
10/14/2010,7.5,0.5,0.8,19.00,-17.77777778
10/14/2010,6.5,0.8,1.3,19.00,20
10/14/2010,6.5,0.2,0.9,20.00,19.44444444
11/2/2010,7,0.3,0.3,13.00,12.77777778
11/2/2010,6.5,1,1.4,13.00,12.77777778
11/2/2010,7.5,0.4,0.4,12.00,12.77777778
11/2/2010,6.5,0.8,0.9,14.00,12.77777778
11/2/2010,7.5,0.5,0.5,13.00,12.77777778
11/16/2010,8,0.5,0.8,15.00,15.55555556
11/16/2010,8.5,0.2,0.2,16.00,15.55555556
11/16/2010,8.5,0.5,0.5,15.00,16.11111111
11/16/2010,6.5,0.9,0.9,14.00,15.55555556
11/16/2010,6,1.2,1.3,,16.11111111
12/7/2010,7,0.3,0.5,4.00,-1.111111111
12/7/2010,7,4.5,4.5,3.00,-1.111111111
12/7/2010,6,1.1,1.1,2.00,-1.111111111
12/7/2010,7,0.5,0.5,2.00,-1.111111111
12/7/2010,6.5,0.3,0.7,1.00,-1.111111111
12/21/2010,,,,,-0.555555556
12/21/2010,7,0.4,0.4,3.00,-0.555555556
12/21/2010,7,0.1,0.3,,-0.555555556
12/21/2010,,,,,-0.555555556
12/21/2010,6.5,1.3,1.3,3.00,-0.555555556
1/4/2011,7,0.5,0.5,4.00,0
1/4/2011,6.5,1.3,1.3,4.00,0
1/4/2011,6.5,0.2,0.45,5.00,-0.555555556
1/4/2011,6.5,0.4,0.4,5.00,0
1/4/2011,6.5,0.8,0.8,,0
1/18/2011,6.5,0.5,0.65,6.00,4.444444444
1/18/2011,6.5,1.4,1.4,6.00,3.888888889
1/18/2011,6.5,0.6,0.8,5.00,4.444444444
1/18/2011,7,0.5,0.5,5.00,4.444444444
1/18/2011,7,0.2,0.6,7.00,3.888888889
2/8/2011,6.5,,,7.00,7.777777778
2/8/2011,6.5,,,9.00,7.777777778
2/8/2011,7,,,10.00,7.777777778
2/8/2011,7,,,9.00,7.777777778
2/8/2011,6.5,0.2,0.6,8.00,7.777777778
3/3/2011,7,,,8.00,4.444444444
3/3/2011,7.5,,,7.00,3.333333333
3/3/2011,7,,,6.00,4.444444444
3/3/2011,6,,,8.00,3.333333333
3/3/2011,7,,,8.50,-1.111111111
3/24/2011,,,,,8.888888889
3/24/2011,6.5,0.7,1.4,14.00,8.888888889
3/24/2011,7,0.2,0.55,33.00,11.11111111
3/24/2011,6.5,0.4,1,14.00,8.888888889
3/24/2011,7,0.5,0.5,14.00,8.888888889
4/14/2011,6.5,0.9,1.4,19.00,14.44444444
4/14/2011,8,0.3,0.3,19.00,14.44444444
4/14/2011,7,0.4,0.6,16.50,14.44444444
4/14/2011,7,2.5,3,19.00,14.44444444
4/14/2011,6,0.2,0.6,18.00,14.44444444
4/28/2011,7,0.17,0.17,23.00,24.44444444
4/28/2011,7,0.3,1.3,23.00,24.44444444
4/28/2011,6.5,0.7,1.3,23.00,24.44444444
4/28/2011,6.5,0.3,0.3,24.00,24.44444444
4/28/2011,7,0.17,0.17,23.00,24.44444444
5/12/2011,8.5,,,23.00,18.88888889
5/12/2011,6.5,,,19.00,18.33333333
5/12/2011,7,,,18.00,18.33333333
5/12/2011,7.5,,,24.00,18.88888889
5/12/2011,9,,,23.00,18.88888889
5/26/2011,7.5,1.2,0.9,28.00,26.66666667
5/26/2011,7.5,0.5,0.9,25.00,26.11111111
5/26/2011,7.5,0.7,0.8,28.00,26.11111111
5/26/2011,,,,,26.66666667
5/26/2011,,0.2,0.4,27.00,26.11111111
6/9/2011,7,0.6,1.2,29.00,29.44444444
6/9/2011,8,0.3,0.3,30.00,29.44444444
6/9/2011,8,0.4,0.8,27.00,29.44444444
6/9/2011,7.5,0.6,0.9,29.00,29.44444444
6/23/2011,8,0.5,0.9,26.00,26.66666667
6/23/2011,7.5,0.5,0.8,27.00,30.55555556
6/23/2011,8,0.6,1,28.00,30.55555556
6/23/2011,8,0.3,0.3,27.00,31.66666667
7/14/2011,8.5,0.4,0.6,26.00,23.88888889
7/14/2011,7,0.4,0.4,28.00,24.44444444
7/14/2011,6.5,0.8,1.1,27.00,24.44444444
7/14/2011,7,0.7,0.7,27.00,24.44444444
7/28/2011,7,0.4,0.4,30.00,29.44444444
7/28/2011,7.5,0.8,0.8,31.00,30.55555556
7/28/2011,9,0.5,0.7,29.00,29.44444444
7/28/2011,7,0.9,1.5,31.00,30
8/11/2011,7.5,0.6,0.6,29.00,28.33333333
8/11/2011,7.5,0.3,0.3,30.00,28.33333333
8/11/2011,9,0.4,0.7,28.00,27.77777778
8/11/2011,7,0.9,0.9,29.00,27.77777778
9/8/2011,6.5,0.5,0.8,27.00,25.55555556
9/8/2011,7,0.6,1.1,26.00,25.55555556
9/8/2011,6.5,0.1,0.2,27.00,25.55555556
9/8/2011,6.5,1.4,1.5,27.00,25.55555556
9/22/2011,6.5,0.6,1.4,25.00,25.55555556
9/22/2011,7,0.15,0.15,25.00,25.55555556
9/22/2011,8,0.5,0.7,24.00,25.55555556
9/22/2011,5,0.7,0.7,25.00,25.55555556
10/13/2011,6,0.5,1.5,23.00,23.88888889
10/13/2011,7.5,0.5,0.7,21.00,23.88888889
10/13/2011,7,0.05,0.05,22.00,23.88888889
10/13/2011,6.5,0.7,0.8,22.00,23.88888889
10/27/2011,7,0.8,0.9,17.00,16.66666667
10/27/2011,6,0.7,1.4,17.00,16.66666667
10/27/2011,7.5,0.5,0.9,16.00,16.66666667
10/27/2011,7.5,0.4,0.4,16.00,16.66666667
11/10/2011,7.5,0.7,0.7,16.00,15.55555556
11/10/2011,6.5,0.8,1.5,17.00,15.55555556
11/10/2011,,0.6,0.8,19.00,15.55555556
11/10/2011,7.5,0.2,0.2,19.00,15.55555556
11/22/2011,7,0.2,0.6,16.00,16.11111111
11/22/2011,7,0.5,0.9,19.00,16.11111111
11/22/2011,,0.8,0.9,15.00,16.11111111
11/22/2011,7.5,0.2,0.5,14.00,16.11111111
12/8/2011,6.5,0.8,1.4,12.00,8.333333333
12/8/2011,7,0.1,0.4,13.00,8.333333333
12/8/2011,7,0.35,0.7,12.00,8.333333333
12/8/2011,7,0.8,0.9,12.00,8.333333333
12/22/2011,7,1,1.4,16.00,15.55555556
12/22/2011,7,0.3,0.3,14.00,15.55555556
12/22/2011,7,0.9,0.9,13.00,15.55555556
12/22/2011,7,0.3,0.7,17.00,15.55555556
1/11/2012,6.5,0.9,0.9,12.00,11.66666667
1/11/2012,6.5,1,1.4,10.00,12.22222222
1/11/2012,7,0.3,0.3,11.00,12.22222222
1/11/2012,7.5,0.2,0.7,12.00,12.22222222
1/26/2012,6.5,1.2,1.4,11.00,10
1/26/2012,7,0.3,0.3,12.00,10
1/26/2012,7,0.2,0.8,11.00,10
1/26/2012,6.5,1,1,12.00,10
2/9/2012,7.5,0.2,0.3,8.00,3.888888889
2/9/2012,7,0.3,0.3,8.00,3.888888889
2/9/2012,7,1,1,8.00,3.888888889
2/9/2012,6.5,1.3,1.4,6.00,3.888888889
2/21/2012,7.5,0.35,0.35,10.00,4.444444444
2/21/2012,7,0.9,0.9,9.00,7.777777778
2/21/2012,7,0.2,0.2,8.00,7.777777778
2/21/2012,6.5,1,1.5,8.00,7.777777778
3/1/2012,6.5,,,15.00,21.11111111
3/1/2012,7.5,,,16.00,21.11111111
3/1/2012,7.5,0.2,0.4,16.00,20.55555556
3/1/2012,7.5,0.2,0.6,,20.55555556
3/8/2012,6.5,1.2,1.5,14.00,14.44444444
3/8/2012,7.5,0,0.2,14.00,14.44444444
3/8/2012,7,0.4,0.6,13.00,14.44444444
3/8/2012,6.5,0.5,0.5,15.00,14.44444444
4/12/2012,7,0.9,1.3,12.00,10.55555556
4/12/2012,8,0.4,0.6,11.00,10.55555556
4/12/2012,7.5,0.3,0.3,13.00,10.55555556
4/12/2012,7,0.6,0.7,14.00,10.55555556
4/26/2012,7.5,0.6,0.8,17.00,17.22222222
4/26/2012,6.5,0.8,1.4,17.00,17.22222222
4/26/2012,7.5,0.4,0.8,17.00,17.22222222
4/26/2012,8,0.3,0.3,18.00,17.22222222
5/10/2012,6.5,0.8,1.5,20.00,17.77777778
5/10/2012,7,0.7,0.9,21.00,17.22222222
5/10/2012,8,0.4,0.7,19.00,17.22222222
5/10/2012,7,0.5,0.5,20.00,17.77777778
5/24/2012,8,0.5,0.5,25.00,22.22222222
5/24/2012,6.5,0.9,1.5,25.00,22.22222222
5/24/2012,8.5,0.5,0.8,24.00,22.22222222
5/24/2012,6.5,0.6,0.7,25.00,22.22222222
6/14/2012,7.5,0.2,0.2,22.00,21.11111111
6/14/2012,7,0.6,0.7,22.00,20.55555556
6/14/2012,6.5,0.7,4.5,23.00,21.11111111
6/14/2012,8.5,0.5,0.7,22.00,20.55555556
6/28/2012,6.5,0.6,1.3,27.00,22.77777778
6/28/2012,,0.45,0.7,26.00,22.22222222
6/28/2012,7,0.65,0.9,27.00,23.33333333
6/28/2012,7.4,0.5,0.5,26.00,22.77777778
7/19/2012,8.5,0.5,0.9,28.00,27.77777778
7/19/2012,6.5,0.6,0.6,30.00,28.33333333
7/19/2012,7,0.4,0.4,28.00,28.33333333
7/19/2012,7,0.8,1.4,30.00,27.77777778
8/9/2012,7,0.5,0.9,28.00,26.66666667
8/9/2012,7.5,0.6,0.8,,26.66666667
8/9/2012,7.5,0.3,0.4,27.00,26.66666667
8/9/2012,6.5,0.9,1.4,27.00,26.66666667
8/23/2012,6.5,0.6,0.7,26.00,25
8/23/2012,6.5,0.7,1.4,26.00,24.44444444
8/23/2012,8,0.5,0.7,25.00,25
8/23/2012,7.5,0.3,0.4,27.00,25
9/4/2012,6.5,0.9,1.4,28.00,26.66666667
9/4/2012,7,0.2,0.2,,26.66666667
9/4/2012,6.5,0.7,0.7,28.00,26.66666667
9/4/2012,7,0.3,0.8,25.00,29.44444444
9/13/2012,6.5,1,1.25,23.00,21.11111111
9/13/2012,7,0.4,0.5,21.00,21.11111111
9/13/2012,8.5,0.1,0.1,23.00,22.77777778
9/13/2012,7,0.6,0.6,24.00,23.33333333
10/4/2012,6.5,0.9,1.2,24.00,23.88888889
10/4/2012,8,0.1,0.5,24.00,23.88888889
10/4/2012,8,0.5,0.7,24.00,23.88888889
10/4/2012,7,0.6,0.6,24.00,23.88888889
10/19/2012,9,0.5,0.8,,21.11111111
10/19/2012,7.5,0.6,0.8,22.00,21.11111111
10/19/2012,7,0.9,1.4,20.00,21.11111111
10/19/2012,7,0.4,0.4,20.00,21.11111111
11/8/2012,6.5,0.35,0.35,9.00,7.222222222
11/8/2012,6.5,0.5,1.9,10.00,7.222222222
11/8/2012,7,0.2,0.2,10.00,7.222222222
11/8/2012,6,0.5,1.5,9.00,7.222222222
11/29/2012,7,0.1,0.5,7.00,8.888888889
11/29/2012,7,0.4,0.4,9.00,9.444444444
11/29/2012,6.5,0.2,0.2,8.00,8.888888889
11/29/2012,7,1.4,1.5,8.00,10
12/13/2012,7,0.4,0.5,9.00,8.888888889
12/13/2012,7,0.9,0.9,9.00,8.888888889
12/13/2012,6.5,0.9,1.6,9.00,8.888888889
12/13/2012,7,0.2,0.3,9.00,8.888888889
1/10/2013,6.5,1,1.5,9.00,9.444444444
1/10/2013,7,0.4,0.5,9.00,8.888888889
1/10/2013,,0.3,0.3,10.00,9.444444444
1/10/2013,6.5,0.8,0.9,8.00,8.888888889
1/24/2013,7,0.3,0.3,4.00,0
1/24/2013,7,0.1,0.4,3.00,0
1/24/2013,7,0.4,0.7,4.00,0
1/24/2013,6.5,0.9,1.6,4.00,0
2/14/2013,7,0.7,2.5,9.00,7.222222222
2/14/2013,6.5,1.6,1.6,9.00,7.222222222
2/14/2013,6.5,0.7,1.1,,7.222222222
2/28/2013,6.5,1.5,1.5,9.00,8.888888889
2/28/2013,7,0.2,0.2,10.00,8.888888889
2/28/2013,7,0.2,0.7,10.00,8.888888889
2/28/2013,,2.2,,10.00,8.888888889
3/13/2013,6.5,,,11.00,8.888888889
3/13/2013,7.5,0.2,0.2,11.00,7.222222222
3/13/2013,7.5,0.2,0.6,11.00,7.222222222
3/13/2013,6.5,1.5,1.6,11.00,7.222222222
3/28/2013,7.5,0.4,0.4,8.00,8.888888889
3/28/2013,7,0.2,0.3,8.00,8.888888889
3/28/2013,6.5,0.5,0.5,9.00,8.888888889
3/28/2013,6.5,1.4,1.6,8.00,8.888888889
4/11/2013,6.5,1.2,1.4,20.00,20
4/11/2013,7.5,0.4,0.4,20.00,20
4/11/2013,7,0.3,0.9,20.00,17.77777778
4/11/2013,6,0.4,0.9,21.00,19.44444444
4/26/2013,7,0.2,0.2,14.00,12.22222222
4/26/2013,6.5,0.3,1.5,15.00,12.22222222
4/26/2013,7,0.4,0.4,15.00,12.22222222
4/26/2013,7,0.4,0.4,15.00,12.22222222
5/8/2013,7,0.5,0.6,22.00,21.11111111
5/8/2013,7,1,1.5,22.00,21.11111111
5/8/2013,7,0.3,0.7,19.00,19.44444444
5/8/2013,8,0.2,0.2,22.00,20
5/25/2013,7.5,,,25.00,22.77777778
5/25/2013,6,0.5,1.5,24.00,22.22222222
5/25/2013,7,0.4,0.6,25.00,22.22222222
5/25/2013,7.5,0.4,0.9,24.00,22.22222222
6/13/2013,7.5,0.5,0.7,26.00,27.22222222
6/13/2013,7,0.8,1.3,30.00,29.44444444
6/13/2013,8,0.2,0.2,29.00,28.33333333
6/13/2013,7.5,0.7,0.7,29.00,28.33333333
6/25/2013,7.5,0.6,1.2,,31.11111111
6/25/2013,7,0.5,0.5,28.00,25.55555556
6/25/2013,7.5,0.4,0.9,26.00,25.55555556
6/25/2013,7.5,0.4,0.4,27.00,25.55555556
7/11/2013,7,0.9,1.4,26.00,27.77777778
7/11/2013,7.5,0.5,0.9,26.00,27.22222222
7/11/2013,7,0.3,0.3,,27.22222222
7/11/2013,7,0.7,0.9,26.00,27.22222222
7/25/2013,8,0.5,0.8,26.00,22.22222222
7/25/2013,7.5,0.2,0.2,26.00,22.22222222
7/25/2013,6.5,0.7,1.8,27.00,22.22222222
7/25/2013,7,0.4,0.6,27.00,22.22222222
8/8/2013,6,0.1,0.7,28.00,26.66666667
8/8/2013,8.5,0.5,0.8,24.00,26.11111111
8/8/2013,8,0.3,0.3,27.00,26.66666667
8/8/2013,7,0.9,1.3,26.00,26.11111111
8/22/2013,8.5,0.5,0.7,26.00,25.55555556
8/22/2013,8,0.1,0.1,28.00,25.55555556
8/22/2013,6.5,1.1,1.5,27.00,25.55555556
8/22/2013,7,0.4,0.5,28.00,25.55555556
9/12/2013,8,0.5,0.8,25.00,23.88888889
9/12/2013,7,0.6,0.6,26.00,23.88888889
9/12/2013,6.5,1.2,1.2,27.00,23.88888889
9/12/2013,,,,25.00,23.88888889
9/26/2013,8.5,0.3,0.4,19.00,20.55555556
9/26/2013,6.5,,,21.00,20.55555556
9/26/2013,6.7,0.9,1.1,20.00,20.55555556
9/26/2013,7.5,,,21.00,20.55555556
10/22/2013,7,0.7,0.8,16.00,14.44444444
10/22/2013,6,0.6,0.7,17.00,15.55555556
10/22/2013,7,0.2,0.2,17.00,15.55555556
10/22/2013,6.5,1,1.2,17.00,14.44444444
11/12/2013,6,0.8,1.1,12.00,12.22222222
11/12/2013,7.5,0.4,0.4,12.00,12.22222222
11/12/2013,7.5,0.4,0.6,11.00,12.22222222
11/12/2013,7,0.5,0.7,13.00,12.22222222
11/19/2013,7,0.3,0.5,12.00,11.11111111
11/19/2013,6.5,1.2,1.2,12.00,11.11111111
11/19/2013,7,0.3,0.3,11.00,11.11111111
11/19/2013,6.5,0.7,1,11.00,11.11111111
12/4/2013,6.5,1.2,1.2,10.00,10.55555556
12/4/2013,,0.4,0.4,10.00,10.55555556
12/4/2013,7.5,0.2,0.5,11.00,10
12/4/2013,7,0.2,0.2,11.00,10.55555556
12/11/2013,6.5,0.8,0.8,8.00,3.333333333
12/11/2013,7,0.25,0.25,7.00,3.333333333
12/11/2013,7,0.8,1,8.00,3.333333333
12/11/2013,7,0.2,0.5,8.00,3.333333333
1/3/2014,6.5,1.1,1.2,5.00,-3.333333333
1/3/2014,7,0.1,0.4,5.00,-3.333333333
1/3/2014,6,0.3,0.3,5.00,-3.333333333
1/3/2014,6.5,0.6,0.9,6.00,-3.333333333
1/14/2014,6.5,0.5,0.5,11.00,11.66666667
1/14/2014,6.5,0.4,0.4,,11.66666667
1/14/2014,6.5,1,1.4,11.00,11.66666667
1/14/2014,7,0.4,0.6,11.00,11.66666667
2/11/2014,6.5,0.5,0.9,1.00,-1.666666667
2/11/2014,7,0.3,0.3,4.00,-1.666666667
2/11/2014,6.5,0.8,1.4,2.00,-1.666666667
2/11/2014,7,0.2,0.2,3.00,-1.666666667
2/25/2014,7,0.3,0.5,9.00,5
2/25/2014,6.5,0.3,0.5,9.00,5
2/25/2014,7,0.3,0.3,8.00,5
2/25/2014,6.5,0.7,1.2,9.00,5
3/12/2014,6.5,0.5,0.7,13.00,12.22222222
3/12/2014,7,0.3,0.3,14.50,12.22222222
3/12/2014,7.5,0.2,0.5,14.00,13.88888889
3/12/2014,6,1.2,1.4,14.00,12.22222222
3/27/2014,7,0.2,0.3,4.00,4.444444444
3/27/2014,7,0.1,0.5,7.00,4.444444444
3/27/2014,7,0.4,0.4,5.00,4.444444444
3/27/2014,6.5,1.5,1.6,6.00,4.444444444
4/10/2014,6.5,0,0.4,17.00,12.22222222
4/10/2014,7,0.3,0.3,15.00,12.22222222
4/10/2014,6.5,0.9,1.6,16.00,11.66666667
4/10/2014,7.5,0.4,0.7,,11.11111111
5/7/2014,6.5,0.5,1.5,19.00,15.55555556
5/7/2014,7,0.1,0.2,18.00,15.55555556
5/7/2014,6.5,0,0.9,19.00,15.55555556
5/7/2014,7,0.5,0.9,18.00,15.55555556
5/20/2014,7.5,0.4,0.5,18.00,19.44444444
5/20/2014,6.5,0.2,0.3,21.00,19.44444444
5/20/2014,7.5,0.5,0.5,20.00,20
5/20/2014,6.5,0.5,1.4,21.00,20
6/10/2014,7,0.4,0.8,15.00,22.22222222
6/10/2014,7,0.5,0.7,27.00,23.33333333
6/10/2014,8,0.3,0.3,27.00,-5
6/10/2014,7,0.8,1.3,27.00,-5
6/24/2014,8,0.4,0.6,24.00,25.55555556
6/24/2014,7,0.7,1.2,28.00,25.55555556
6/24/2014,7,0.6,0.6,25.00,25.55555556
6/24/2014,7,0.1,0.1,27.00,25.55555556
7/8/2014,7.5,0.6,0.8,29.00,28.33333333
7/8/2014,7.5,0.1,0.1,28.00,28.33333333
7/8/2014,6.5,1,1.3,28.00,28.33333333
7/8/2014,7.5,0.5,0.8,25.00,28.33333333
7/22/2014,7,0.8,1.3,27.00,26.66666667
7/22/2014,7.5,0.4,0.6,26.00,26.66666667
7/22/2014,6.5,0.5,0.8,27.00,26.66666667
7/22/2014,7.5,0.1,0.1,28.00,26.66666667
8/12/2014,6.5,0.5,0.8,26.00,26.66666667
8/12/2014,8,0.1,0.1,26.00,26.66666667
8/12/2014,7,0.8,1.6,26.00,26.66666667
8/12/2014,8,4.5,7.5,25.00,26.11111111
8/28/2014,8.5,0.35,0.45,24.00,25.55555556
8/28/2014,7,0.7,0.7,27.00,26.11111111
8/28/2014,6.5,1,1.5,25.00,25.55555556
9/10/2014,6.5,1.3,1.3,24.00,23.88888889
9/10/2014,7.5,0.5,0.8,24.00,23.88888889
9/10/2014,6.5,0.4,0.4,24.00,23.88888889
9/10/2014,6.5,0.2,0.2,25.00,23.88888889
9/23/2014,,1,1.3,20.00,17.22222222
9/23/2014,7,0.01,0.01,18.00,17.22222222
9/23/2014,6,0.3,0.6,22.00,17.22222222
9/23/2014,8,0.4,0.6,20.00,17.22222222
10/7/2014,7,0.3,0.3,20.00,19.44444444
10/7/2014,7,0.1,0.1,17.00,19.44444444
10/7/2014,6,1.45,1.45,20.00,19.44444444
10/7/2014,7.5,0.65,0.9,,18.33333333
10/21/2014,6.5,0.3,0.6,18.00,20
10/21/2014,7.5,0.1,0.1,,20
10/21/2014,6,1.3,1.3,18.00,20
10/21/2014,7.5,0.4,0.7,16.50,20
11/13/2014,7,0.3,0.4,13.00,10.55555556
11/13/2014,6.5,0.3,0.3,14.00,10.55555556
11/13/2014,7.5,0.15,0.15,13.00,10.55555556
11/13/2014,6.5,0.12,0.12,14.00,10.55555556
12/2/2014,6.5,0.3,0.3,10.00,8.888888889
12/2/2014,6,1.2,1.2,10.00,8.888888889
12/2/2014,7,0.4,0.6,11.00,8.888888889
12/2/2014,7,0.6,0.9,10.00,8.888888889
12/19/2014,9,0.5,0.5,11.00,5.555555556
12/19/2014,7,0.6,1,7.00,5.555555556
12/19/2014,6.5,0.15,0.15,7.00,5.555555556
12/19/2014,7,1.1,1.1,7.00,5.555555556
1/6/2015,7,0.3,0.3,8.00,3.333333333
1/6/2015,6.5,1.3,1.5,9.00,3.333333333
1/6/2015,7,0.4,0.6,9.00,3.333333333
1/6/2015,6.5,0.7,0.7,9.00,3.333333333
1/20/2015,7,0.2,0.6,7.00,6.666666667
1/20/2015,6.5,0.5,1,8.00,6.666666667
1/20/2015,7,0.2,0.2,7.00,6.666666667
1/20/2015,6.5,1,1.4,8.00,7.222222222
2/3/2015,,0.4,0.6,,-0.555555556
2/3/2015,6.5,0.4,0.5,3.00,0
2/3/2015,6.5,0.3,0.3,3.00,1.666666667
2/3/2015,6.5,1.2,1.5,4.00,1.666666667
2/24/2015,7,0.2,0.2,3.00,-3.888888889
2/24/2015,6.5,0.1,0.15,0.00,-3.888888889
2/24/2015,6.5,0.4,0.5,1.00,-3.888888889
2/24/2015,,,,,-3.888888889
3/24/2015,6.5,0.9,1.2,10.00,5
3/24/2015,7,0.3,0.3,9.00,4.444444444
3/24/2015,7,0.4,0.5,9.00,5
3/24/2015,7,0.3,0.3,10.00,5
4/7/2015,7,0.2,0.6,15.00,17.77777778
4/7/2015,6.5,0.9,1.3,16.00,17.77777778
4/7/2015,7,0.3,0.3,17.00,18.33333333
4/7/2015,7,0.3,0.5,18.00,18.33333333
4/21/2015,7,0.3,0.9,20.00,18.33333333
4/21/2015,7.5,,,20.00,18.33333333
4/21/2015,6.5,0.3,0.4,19.00,18.33333333
4/21/2015,6.5,1,1.5,19.00,18.33333333
5/7/2015,7.5,0.15,0.15,21.00,18.88888889
5/7/2015,8,0.1,0.1,21.00,18.88888889
5/7/2015,7,1.1,1.3,20.00,18.33333333
5/7/2015,7.5,0.3,0.6,20.00,18.33333333
6/1/2015,7.5,0.4,0.9,25.00,23.33333333
6/1/2015,7,0.2,0.9,27.00,23.88888889
6/1/2015,7.5,0.1,0.1,28.00,23.88888889
6/3/2015,7,0.1,0.1,29.00,24.44444444
6/11/2015,8.5,0.4,0.8,26.00,25.55555556
6/11/2015,8,0.5,0.5,27.00,28.33333333
6/11/2015,8,0.5,0.6,28.00,28.88888889
6/11/2015,7,0.8,1.1,29.00,28.88888889
7/23/2015,9,0.5,0.8,27.00,27.22222222
7/23/2015,7,0.8,1.2,30.50,27.77777778
7/23/2015,7.5,0.3,0.3,31.00,27.77777778
7/23/2015,7.5,0.4,0.4,30.00,27.77777778
8/13/2015,6,0.9,1.1,27.00,27.77777778
8/13/2015,7.5,0.5,0.6,27.00,27.77777778
8/13/2015,7,0.2,0.2,27.00,27.22222222
8/13/2015,9,0.4,0.4,26.00,27.77777778
8/27/2015,7,0.8,1,24.00,26.11111111
8/27/2015,8.5,0.4,0.7,23.00,26.11111111
8/27/2015,8.5,0.2,0.2,23.00,26.11111111
8/27/2015,7,0.2,0.4,25.00,26.11111111
9/9/2015,7.5,0.2,0.2,29.00,28.33333333
9/9/2015,9,0.05,0.05,26.00,27.22222222
9/9/2015,7.5,0.8,0.8,28.00,28.88888889
9/9/2015,7,0.6,0.9,28.00,27.77777778
9/22/2015,7.5,0.7,0.7,25.00,23.33333333
9/22/2015,8,0.3,0.3,23.00,22.77777778
9/22/2015,8,0.3,0.3,24.00,22.77777778
9/22/2015,7,0.7,0.9,24.00,23.33333333
10/7/2015,7,0.2,0.2,19.00,19.44444444
10/7/2015,7,0.3,0.5,18.00,18.33333333
10/7/2015,6,0.5,0.7,20.00,19.44444444
10/7/2015,6,0.9,1.2,,18.88888889
10/13/2015,7,0.4,0.4,15.00,11.11111111
10/13/2015,7,0.05,0.05,12.00,10
10/13/2015,6.5,1,1.3,14.00,10
10/13/2015,7,0.4,0.6,12.00,10
11/3/2015,7,0.4,0.6,28.00,18.33333333
11/3/2015,6.5,1.2,1.3,18.00,18.33333333
11/3/2015,7,0.1,0.1,19.00,18.88888889
11/3/2015,7,0.4,0.4,18.00,18.88888889
11/17/2015,6.5,0.9,1.5,14.00,13.88888889
11/17/2015,7,0.1,0.1,14.00,12.77777778
11/17/2015,6.5,0.5,0.5,15.00,13.33333333
11/17/2015,7.5,0.25,0.8,13.00,12.77777778
12/1/2015,6.5,0.8,1.6,,11.11111111
12/1/2015,7,0.3,0.5,14.00,11.11111111
12/1/2015,7,0.5,0.5,15.00,11.11111111
12/1/2015,6.5,0.1,0.1,14.00,11.11111111
12/15/2015,6.5,0.3,0.3,17.00,17.22222222
12/15/2015,7,0.6,0.6,15.00,17.22222222
12/15/2015,6,0.7,1.8,16.00,17.22222222
12/15/2015,7,0.5,0.8,17.00,17.22222222
12/30/2015,7,0.7,0.9,18.00,15
12/30/2015,6,0.7,1.4,19.00,15
12/30/2015,6,0.3,0.3,17.00,15.55555556
12/30/2015,6,0.7,1.3,17.00,15.55555556
1/13/2016,6.5,0.3,0.3,5.00,4.444444444
1/13/2016,6.5,0.7,1.9,6.00,4.444444444
1/13/2016,7,0.5,0.9,5.00,3.888888889
1/13/2016,6.5,0.5,0.8,7.00,3.888888889
2/11/2016,6,0.6,0.6,2.00,-2.777777778
2/11/2016,6,0.4,1,5.00,-2.777777778
2/11/2016,5.5,0.6,1.3,3.00,-2.777777778
2/11/2016,7,0.1,0.2,5.00,-2.777777778
2/23/2016,6.5,0.8,1.8,10.00,8.888888889
2/23/2016,7,0.4,0.6,11.00,8.888888889
2/23/2016,,0.4,0.4,11.00,8.888888889
2/23/2016,6.5,0.5,1,11.00,8.888888889
3/8/2016,7,0.3,0.7,11.00,15.55555556
3/8/2016,6.5,0.9,1.8,12.00,15.55555556
3/8/2016,7,0.7,0.7,12.00,16.66666667
3/8/2016,7,0.3,1,12.00,16.66666667
3/22/2016,6.5,0.8,1.8,12.00,10
3/22/2016,6.5,0.6,0.6,11.00,8.888888889
3/22/2016,7,0.3,0.3,11.00,10
3/22/2016,7,0.4,0.4,10.00,8.888888889
4/14/2016,6.5,0.9,1.3,14.00,8.888888889
4/14/2016,8,0.2,0.2,14.00,8.888888889
4/14/2016,6.5,0.5,0.6,15.00,8.888888889
4/14/2016,7,0.3,0.3,13.00,8.888888889
5/3/2016,6.5,0.5,1.2,21.00,18.88888889
5/3/2016,6.5,0.2,0.2,20.00,18.88888889
5/3/2016,7,0.4,0.9,22.00,18.88888889
5/3/2016,7,0.4,0.9,21.00,18.33333333
8/31/2016,8.5,0.3,0.5,27.00,27.22222222
8/31/2016,6.5,0.9,0.9,29.00,27.22222222
8/31/2016,8.5,0.01,0.01,28.00,27.22222222
8/31/2016,7.5,0.4,0.4,28.00,27.77777778
9/22/2016,6.5,0.3,0.3,24.00,23.88888889
9/22/2016,7,0.9,1,23.00,23.88888889
9/22/2016,6,0.6,1.8,,23.88888889
9/22/2016,6.5,0.6,0.7,25.00,23.88888889
10/5/2016,,0.4,0.6,21.00,21.11111111
10/5/2016,6.5,0.3,0.3,25.00,21.11111111
10/5/2016,6.5,0.5,0.5,22.00,21.11111111
10/18/2016,6.5,0.5,1.4,25.00,18.88888889
10/18/2016,7,0.5,1.2,,18.33333333
10/18/2016,6.5,0.3,0.3,24.00,18.88888889
10/18/2016,6.5,0.2,0.5,22.00,19.44444444
11/2/2016,6.7,0.7,0.7,17.00,15.55555556
11/2/2016,6.5,0.2,0.4,16.00,15.55555556
11/2/2016,6.5,0.2,0.2,16.00,15.55555556
11/2/2016,6.5,0.8,1.6,17.00,15.55555556
11/16/2016,6.5,0.3,0.4,18.00,12.77777778
11/16/2016,7,0.7,0.8,13.00,12.77777778
11/16/2016,6.5,1,1.3,14.00,12.77777778
11/16/2016,6.5,0.25,0.25,12.00,12.77777778
12/7/2016,6.5,0.9,1.1,11.00,8.888888889
12/7/2016,7,0.4,0.5,11.00,8.888888889
12/7/2016,6.5,0.5,0.5,10.00,8.888888889
12/7/2016,7,0.3,0.5,11.00,8.888888889
12/20/2016,6.5,0.4,0.4,5.00,3.333333333
12/20/2016,7,0.4,0.4,6.00,3.333333333
12/20/2016,6.5,1.7,1.7,5.00,3.333333333
12/20/2016,7,3,3.5,5.00,3.333333333
1/24/2017,6,0.7,1.2,9.00,7.222222222
1/24/2017,,0.5,0.6,9.00,7.222222222
1/24/2017,6.5,0.3,0.5,8.00,7.222222222
1/24/2017,7,0.3,0.6,9.00,7.222222222
2/7/2017,7,0.3,0.3,11.00,15
2/7/2017,7,0.3,0.6,9.00,14.44444444
2/7/2017,6.5,0.9,1.3,10.00,14.44444444
2/7/2017,7,0.5,0.7,9.00,15
2/21/2017,7,0.5,0.5,12.00,8.888888889
2/21/2017,7,0.3,0.5,13.00,8.888888889
2/21/2017,6.5,0.5,0.9,13.00,10
2/21/2017,6.5,0.9,1.1,13.00,10
3/8/2017,6.5,0.2,0.4,13.00,8.333333333
3/8/2017,6.5,0.4,0.4,13.00,8.888888889
3/8/2017,7,0.3,0.5,13.00,8.333333333
3/8/2017,6.5,1.6,1.6,12.00,8.333333333
3/21/2017,7,0.3,0.3,10.00,10
3/21/2017,7,0.3,0.3,10.00,10.55555556
3/21/2017,,,,,10.55555556
3/21/2017,6.5,0.9,1.7,10.00,10.55555556
4/4/2017,6.5,1,1.1,19.00,21.11111111
4/4/2017,7,0.2,0.3,19.00,21.66666667
4/4/2017,7,0.5,0.6,20.00,21.66666667
4/4/2017,6.25,0.2,0.9,19.00,20.55555556
4/4/2017,7,0.5,0.6,20.00,21.66666667
4/4/2017,7,0.2,0.3,19.00,21.66666667
4/18/2017,6.5,0.4,0.9,19.00,16.11111111
4/18/2017,6,0.4,0.7,20.00,16.11111111
4/18/2017,6.5,0.4,0.4,19.00,16.11111111
4/18/2017,6,1,1.1,17.00,16.11111111
5/11/2017,6.5,0.4,0.7,19.00,17.22222222
5/11/2017,6,0.4,0.4,18.00,16.66666667
5/11/2017,6.5,0.2,0.2,18.00,16.66666667
5/11/2017,6.5,0.8,1.7,19.00,16.66666667
5/25/2017,6.5,0.7,1.8,22.00,22.77777778
5/25/2017,6.5,0.6,0.8,22.00,22.22222222
5/25/2017,,,,,22.22222222
5/25/2017,7,0.5,0.9,20.00,22.22222222
6/7/2017,,,,,17.77777778
6/7/2017,6,0.6,0.9,21.00,17.77777778
6/7/2017,6.5,0.5,0.6,23.00,18.33333333
6/7/2017,6.5,0.7,1.6,22.00,17.77777778
6/19/2017,7,0.5,0.5,26.00,22.22222222
6/19/2017,6.5,0.5,1,25.00,22.22222222
6/19/2017,6.5,0.5,0.7,27.00,22.22222222
6/19/2017,6.5,0.7,1.2,26.00,22.22222222
7/11/2017,7,0.5,0.5,31.00,24.44444444
7/11/2017,6.5,0.7,1.1,29.00,23.88888889
7/11/2017,7,0.4,0.9,27.00,23.88888889
7/11/2017,7,0.5,0.5,31.00,24.44444444
7/25/2017,6.5,0.9,1.2,29.00,27.77777778
7/25/2017,7,0.8,0.9,27.00,27.77777778
7/25/2017,7,0.2,0.2,28.00,27.22222222
7/25/2017,7,0.4,0.9,26.00,27.22222222
8/8/2017,6.5,0.8,1,25.00,21.11111111
8/8/2017,6.5,0.1,0.1,25.00,21.11111111
8/8/2017,,0.9,1.7,25.00,21.11111111
8/8/2017,7,0.4,0.9,25.00,21.11111111
9/12/2017,7,0.3,0.3,20.00,22.22222222
9/12/2017,6.5,1,1.7,20.00,22.22222222
9/12/2017,6.5,0.3,0.3,20.00,22.22222222
9/12/2017,7,0.4,0.4,21.00,22.22222222
9/29/2017,,0.1,0.1,,25.55555556
9/29/2017,7,0.1,0.1,24.50,25.55555556
9/29/2017,6.5,1.3,1.3,25.00,25.55555556
10/12/2017,7,1.5,1.9,25.00,23.33333333
10/12/2017,7,0.1,0.1,25.00,23.33333333
10/12/2017,6.5,0.3,0.4,25.00,23.33333333
10/12/2017,6.5,1.8,2.1,26.00,23.33333333
10/26/2017,6.5,0.2,0.4,27.00,12.22222222
10/26/2017,7,0.35,0.8,26.00,12.22222222
10/26/2017,6.5,0.2,0.2,26.00,12.22222222
10/26/2017,6.5,1.2,1.2,27.00,12.22222222
11/8/2017,6.5,1.2,1.5,16.00,11.11111111
11/8/2017,7,0.5,0.5,16.00,11.11111111
11/8/2017,6.5,0.2,0.2,15.00,11.11111111
11/8/2017,6.5,0.6,0.6,16.00,11.11111111
11/29/2017,7,0.6,0.8,9.00,8.888888889
11/29/2017,,,,,-17.77777778
11/29/2017,6.5,0.2,0.2,6.00,8.888888889
11/29/2017,6.5,1.3,1.3,7.00,8.888888889
12/12/2017,6.5,0.2,0.2,6.00,8.888888889
12/12/2017,6.5,1.3,1.3,7.00,8.888888889
12/12/2017,6.5,0.7,0.7,6.00,8.888888889
12/12/2017,7,0.6,0.8,9.00,8.888888889
1/16/2018,6.5,1.6,1.6,4.00,2.777777778
1/16/2018,7,0.6,0.6,5.00,2.777777778
1/16/2018,,,,,2.777777778
1/16/2018,6.5,0.3,0.3,5.00,2.777777778
1/31/2018,7,0.1,0.2,4.00,-1.111111111
1/31/2018,6.5,1.2,1.3,4.00,-1.111111111
1/31/2018,7,1,1,3.00,-1.111111111
1/31/2018,6.5,0.4,0.5,3.00,-1.111111111
2/14/2018,6,0.5,0.5,5.00,7.222222222
2/14/2018,6.5,1,1.8,7.00,7.222222222
2/14/2018,6.5,0.5,0.5,8.00,7.222222222
2/14/2018,6.5,1.3,1.4,6.00,7.222222222
3/7/2018,7,0.1,0.1,9.00,8.333333333
3/7/2018,6.5,1.1,1.8,8.00,8.333333333
3/7/2018,6.5,0.2,0.2,8.00,8.333333333
3/7/2018,6.5,1,1.5,8.00,8.333333333
3/22/2018,6,0.2,0.5,6.00,4.444444444
3/22/2018,6.5,0.2,0.2,5.00,4.444444444
3/22/2018,6.5,0.7,0.9,7.00,4.444444444
3/22/2018,6.5,1.1,1.7,7.00,4.444444444
4/4/2018,7,0.5,0.5,19.00,21.11111111
4/4/2018,6.5,0.1,0.9,17.00,21.11111111
4/4/2018,,0.9,1.3,18.00,21.11111111
4/17/2018,7,0.9,1.3,14.00,8.888888889
4/17/2018,6.5,0.4,0.4,10.00,8.888888889
4/17/2018,7,1.3,1.6,14.00,8.888888889
4/17/2018,6.5,0.2,1,14.00,8.888888889
5/10/2018,7,0.7,0.9,21.00,18.33333333
5/10/2018,6.5,0.2,0.4,20.00,16.66666667
5/10/2018,7.5,0.3,0.3,22.00,18.33333333
5/10/2018,6.5,0.8,1.2,21.40,17.22222222
5/25/2018,6.5,5.5,7,26.00,28.88888889
5/25/2018,6.5,0.9,1.6,25.00,22.77777778
5/25/2018,7,0.4,0.4,26.10,23.33333333
5/25/2018,6.5,0.4,0.9,25.00,22.77777778
6/14/2018,7,1,1.2,26.00,28.88888889
6/14/2018,7,0.5,0.9,24.00,27.77777778
6/14/2018,7,0.3,0.3,29.00,28.33333333
6/14/2018,6.5,0.8,1.3,27.00,27.77777778
6/27/2018,4.8,0.5,0.5,27.00,24.44444444
6/27/2018,7,0.4,0.8,24.00,24.44444444
6/27/2018,7,0.2,0.2,26.00,24.44444444
6/27/2018,6.5,0.7,1.5,25.00,24.44444444
7/18/2018,7,0.6,0.9,26.00,26.66666667
7/18/2018,7,0.1,0.1,28.00,26.66666667
7/18/2018,7,0.5,0.5,28.00,26.66666667
7/18/2018,,0.8,1.5,27.00,26.66666667
8/1/2018,6.5,0.4,0.4,30.00,28.33333333
8/1/2018,6.5,0.5,1.2,29.00,28.33333333
8/1/2018,6.5,0.5,1.6,28.00,27.77777778
8/1/2018,7,0.5,1.2,26.00,27.77777778
8/14/2018,7,0.5,0.9,26.00,24.44444444
8/14/2018,6.5,0.2,0.2,27.00,25
8/14/2018,6.5,0.4,1.5,28.00,25
8/14/2018,6.5,0.4,1.2,28.00,25.55555556
9/4/2018,7.5,0.4,0.7,28.00,27.77777778
9/4/2018,6.5,0.8,0.8,31.00,29.44444444
9/4/2018,6.5,0.2,0.2,30.00,29.44444444
9/4/2018,6.5,0.8,1.3,30.00,28.33333333
9/20/2018,6.5,0.2,0.2,28.00,26.66666667
9/20/2018,6.5,0.3,0.5,28.00,26.66666667
9/20/2018,7,0.4,1,25.00,25.55555556
9/20/2018,6.5,0.4,1.4,25.00,26.66666667
10/11/2018,6.5,0.1,0.1,27.00,26.11111111
10/11/2018,7,4,1.2,25.00,25.55555556
10/11/2018,6.5,0.7,1.2,26.00,25.55555556
10/11/2018,6.5,0.4,0.4,27.00,26.11111111
10/24/2018,6.5,0.2,0.7,15.00,14.44444444
10/24/2018,6.5,0.6,1.3,16.00,14.44444444
10/24/2018,7,0.3,0.6,18.00,14.44444444
10/24/2018,6.5,0.2,0.2,15.00,14.44444444
10/28/2018,7,0.4,0.5,13.00,9.444444444
10/28/2018,6.5,1.1,1.2,13.00,9.444444444
10/28/2018,7,0.4,0.9,13.00,9.444444444
11/7/2018,7,0.45,0.9,20.00,18.33333333
11/7/2018,7,0.2,0.2,20.00,18.33333333
11/7/2018,6.5,0.9,1.3,20.00,18.33333333
11/7/2018,6.5,0.6,0.6,20.00,18.33333333
12/11/2018,6.5,0.4,0.4,9.00,5.555555556
12/11/2018,6.5,1.2,1.4,11.00,5.555555556
12/11/2018,6.5,0.8,1.2,11.00,5.555555556
12/11/2018,7,0.1,0.1,10.00,5.555555556
2/6/2019,6.5,0.2,0.2,15.00,13.88888889
2/6/2019,7,0.4,0.6,15.00,13.33333333
2/6/2019,6.5,1,1.5,13.00,7.777777778
2/6/2019,6.5,0.1,0.5,15.00,13.88888889
2/28/2019,6.5,1,1.5,13.00,7.777777778
2/28/2019,6.5,0.4,0.4,10.00,7.777777778
2/28/2019,6.5,0.4,0.6,12.00,7.777777778
2/28/2019,7,0.4,1.3,10.00,7.777777778
3/14/2019,6.5,0.4,0.8,15.00,15
3/14/2019,6.5,0.7,1.2,15.00,15.55555556
3/14/2019,6.5,1,1.4,16.00,15
3/14/2019,6.5,0.4,0.4,15.00,15.55555556
3/26/2019,6.5,0,0.4,11.00,6.666666667
3/26/2019,7,0.3,0.3,12.00,6.666666667
3/26/2019,6.5,0.9,1.4,14.00,6.666666667
4/10/2019,6.5,0.9,1.4,20.00,13.88888889
4/10/2019,6.5,0.2,0.7,19.00,13.88888889
4/10/2019,7,0.2,0.2,19.00,14.44444444
4/24/2019,6.5,0.6,0.14,22.00,20
4/24/2019,,0.5,0.5,23.00,20.55555556
4/24/2019,6.5,0.3,1,22.00,20
4/24/2019,,,,,-17.77777778
4/26/2019,6.5,0.1,0.4,12.00,6.666666667
5/8/2019,6.5,0.1,0.1,28.00,21.66666667
5/8/2019,7,0.4,0.7,22.00,20.55555556
5/8/2019,6.5,0.7,0.13,24.00,21.11111111
5/8/2019,7,0.4,0.9,27.00,21.66666667
5/23/2019,7,0.4,0.6,25.00,20.55555556
5/23/2019,6.5,0.9,1.2,27.00,21.11111111
5/23/2019,7,0.3,0.3,27.00,20.55555556
5/23/2019,7,0.4,0.9,22.00,20.55555556
6/5/2019,8,0.4,0.9,24.00,22.22222222
6/5/2019,8,0.6,0.8,28.00,22.77777778
6/5/2019,9,0.2,0.2,27.00,22.77777778
6/5/2019,7,0.6,1.1,15.00,22.22222222
7/3/2019,7.5,0.4,0.9,26.00,29.44444444
7/3/2019,7.5,0.1,0.1,33.00,30.55555556
7/3/2019,7,0.7,0.8,33.00,30.55555556
7/3/2019,7,0.4,1.1,28.00,30
8/6/2019,7.5,0.7,0.9,31.00,27.22222222
8/6/2019,7.5,0.1,0.1,31.00,27.77777778
8/6/2019,6.5,0.7,1.2,25.00,26.11111111
8/6/2019,7.5,0.4,0.8,25.00,26.11111111
8/20/2019,7,0.1,0.1,31.00,30.55555556
8/20/2019,7,0.4,1,26.00,27.77777778
8/20/2019,6.5,1.2,0.5,27.00,28.88888889
8/20/2019,7,0.5,0.5,28.00,28.88888889
9/3/2019,7,0.1,0.1,30.00,26.66666667
9/3/2019,9,0.4,0.9,27.00,26.11111111
9/3/2019,7,0.5,1.2,28.00,26.66666667
9/3/2019,7,0.8,1,28.00,26.66666667
9/18/2019,6.5,0.2,0.2,23.00,21.66666667
9/18/2019,7.5,0.4,0.4,22.80,21.66666667
9/18/2019,7,0.6,0.6,23.00,21.66666667
9/18/2019,7,0.5,1,23.00,-17.77777778
10/11/2019,6.5,0.9,1,20.00,17.22222222
10/11/2019,,0.3,0.3,19.00,18.33333333
10/11/2019,7,0.1,0.1,20.00,18.33333333
10/11/2019,7,0.6,0.6,19.00,18.33333333
10/23/2019,7,0.5,1,20.00,17.22222222
10/23/2019,7,0.5,0.9,19.00,17.22222222
10/23/2019,6.5,0.9,1,20.00,17.22222222
10/23/2019,6.5,0.2,0.2,20.00,17.22222222
10/28/2019,6.5,0.7,1,13.00,9.444444444
11/5/2019,6.5,9,12,27.00,21.11111111
,7,0.3,0.5,14.00,11.11111111
,,,,,-17.77777778
,6.5,0.3,1.8,22.00,21.11111111
,7,0.6,1,17.00,21.11111111
,,,,,-17.77777778
